Time and date,EEG Fpz-Cz,reference,EEG Pz-Oz,Sleep Stage
'[16:13:00.000 24/04/1989]',5.064,5.064,-2.495,
'[16:13:00.010 24/04/1989]',2.532,-2.532,1.44,
'[16:13:00.020 24/04/1989]',1.407,1.407,-4.127,
'[16:13:00.030 24/04/1989]',2.344,-2.344,-2.687,
'[16:13:00.040 24/04/1989]',5.158,-5.158,-0.768,
'[16:13:00.050 24/04/1989]',7.408,-7.408,-1.44,
'[16:13:00.060 24/04/1989]',8.252,-8.252,-0.96,
'[16:13:00.070 24/04/1989]',6.845,-6.845,1.823,
'[16:13:00.080 24/04/1989]',3.657,-3.657,-0.864,
'[16:13:00.090 24/04/1989]',0.938,-0.938,-0.864,
'[16:13:00.100 24/04/1989]',2.251,2.251,-10.653,
'[16:13:00.110 24/04/1989]',2.063,2.063,-13.436,
'[16:13:00.120 24/04/1989]',1.688,1.688,-10.845,
'[16:13:00.130 24/04/1989]',2.626,-2.626,-4.319,
'[16:13:00.140 24/04/1989]',0.75,-0.75,-3.455,
'[16:13:00.150 24/04/1989]',1.407,1.407,-3.071,
'[16:13:00.160 24/04/1989]',2.907,2.907,-1.632,
'[16:13:00.170 24/04/1989]',2.157,-2.157,-8.062,
'[16:13:00.180 24/04/1989]',0.563,0.563,-5.854,
'[16:13:00.190 24/04/1989]',5.908,5.908,-7.486,
'[16:13:00.200 24/04/1989]',1.688,-1.688,-3.743,
'[16:13:00.210 24/04/1989]',3.001,-3.001,-2.015,
'[16:13:00.220 24/04/1989]',2.907,2.907,-3.455,
'[16:13:00.230 24/04/1989]',7.877,7.877,-10.749,
'[16:13:00.240 24/04/1989]',3.001,3.001,-11.516,
'[16:13:00.250 24/04/1989]',0.938,-0.938,-8.733,
'[16:13:00.260 24/04/1989]',1.875,-1.875,-2.783,
'[16:13:00.270 24/04/1989]',6.658,-6.658,-2.783,
'[16:13:00.280 24/04/1989]',7.502,-7.502,-2.687,
'[16:13:00.290 24/04/1989]',4.782,-4.782,0.576,
'[16:13:00.300 24/04/1989]',12.566,-12.566,3.935,
'[16:13:00.310 24/04/1989]',9.19,-9.19,-1.344,
'[16:13:00.320 24/04/1989]',12.284,-12.284,-2.591,
'[16:13:00.330 24/04/1989]',8.252,-8.252,-2.015,
'[16:13:00.340 24/04/1989]',16.316,-16.316,-5.662,
'[16:13:00.350 24/04/1989]',21.099,-21.099,-0.672,
'[16:13:00.360 24/04/1989]',23.631,-23.631,1.536,
'[16:13:00.370 24/04/1989]',21.193,-21.193,-0.768,
'[16:13:00.380 24/04/1989]',20.161,-20.161,1.248,
'[16:13:00.390 24/04/1989]',23.725,-23.725,-5.854,
'[16:13:00.400 24/04/1989]',26.069,-26.069,0.384,
'[16:13:00.410 24/04/1989]',25.6,-25.6,1.536,
'[16:13:00.420 24/04/1989]',26.069,-26.069,4.319,
'[16:13:00.430 24/04/1989]',26.632,-26.632,2.879,
'[16:13:00.440 24/04/1989]',22.787,-22.787,-0.096,
'[16:13:00.450 24/04/1989]',22.412,-22.412,2.879,
'[16:13:00.460 24/04/1989]',21.474,-21.474,5.374,
'[16:13:00.470 24/04/1989]',16.598,-16.598,1.152,
'[16:13:00.480 24/04/1989]',16.035,-16.035,1.727,
'[16:13:00.490 24/04/1989]',11.347,-11.347,-11.037,
'[16:13:00.500 24/04/1989]',11.534,-11.534,-11.133,
'[16:13:00.510 24/04/1989]',15.379,-15.379,-10.365,
'[16:13:00.520 24/04/1989]',15.191,-15.191,-6.142,
'[16:13:00.530 24/04/1989]',14.441,-14.441,-2.399,
'[16:13:00.540 24/04/1989]',16.598,-16.598,-1.727,
'[16:13:00.550 24/04/1989]',17.067,-17.067,-2.207,
'[16:13:00.560 24/04/1989]',12.753,-12.753,3.839,
'[16:13:00.570 24/04/1989]',9.002,-9.002,0.96,
'[16:13:00.580 24/04/1989]',6.095,-6.095,4.607,
'[16:13:00.590 24/04/1989]',9.002,-9.002,0.672,
'[16:13:00.600 24/04/1989]',7.502,-7.502,0.768,
'[16:13:00.610 24/04/1989]',8.533,-8.533,-3.551,
'[16:13:00.620 24/04/1989]',5.439,-5.439,-3.455,
'[16:13:00.630 24/04/1989]',2.626,-2.626,-1.056,
'[16:13:00.640 24/04/1989]',1.875,-1.875,-1.823,
'[16:13:00.650 24/04/1989]',5.72,-5.72,4.223,
'[16:13:00.660 24/04/1989]',5.908,-5.908,7.486,
'[16:13:00.670 24/04/1989]',4.314,-4.314,3.167,
'[16:13:00.680 24/04/1989]',5.064,-5.064,5.566,
'[16:13:00.690 24/04/1989]',5.908,-5.908,2.495,
'[16:13:00.700 24/04/1989]',3.751,-3.751,0.576,
'[16:13:00.710 24/04/1989]',0.656,-0.656,-2.975,
'[16:13:00.720 24/04/1989]',3.751,-3.751,0.576,
'[16:13:00.730 24/04/1989]',4.97,-4.97,-0.96,
'[16:13:00.740 24/04/1989]',2.907,-2.907,3.359,
'[16:13:00.750 24/04/1989]',1.5,-1.5,3.743,
'[16:13:00.760 24/04/1989]',1.407,-1.407,9.693,
'[16:13:00.770 24/04/1989]',3.188,-3.188,8.158,
'[16:13:00.780 24/04/1989]',0.563,-0.563,6.334,
'[16:13:00.790 24/04/1989]',4.314,-4.314,0.288,
'[16:13:00.800 24/04/1989]',3.563,-3.563,5.182,
'[16:13:00.810 24/04/1989]',2.438,-2.438,1.056,
'[16:13:00.820 24/04/1989]',0.281,-0.281,5.854,
'[16:13:00.830 24/04/1989]',0.844,-0.844,3.935,
'[16:13:00.840 24/04/1989]',1.313,-1.313,13.82,
'[16:13:00.850 24/04/1989]',8.815,-8.815,15.067,
'[16:13:00.860 24/04/1989]',10.409,-10.409,18.33,
'[16:13:00.870 24/04/1989]',7.127,-7.127,10.077,
'[16:13:00.880 24/04/1989]',6.095,-6.095,8.637,
'[16:13:00.890 24/04/1989]',5.251,-5.251,3.551,
'[16:13:00.900 24/04/1989]',5.251,-5.251,-1.536,
'[16:13:00.910 24/04/1989]',6.001,-6.001,-0.672,
'[16:13:00.920 24/04/1989]',1.125,-1.125,2.591,
'[16:13:00.930 24/04/1989]',3.657,3.657,7.774,
'[16:13:00.940 24/04/1989]',3.001,3.001,12.956,
'[16:13:00.950 24/04/1989]',7.783,-7.783,10.845,
'[16:13:00.960 24/04/1989]',26.538,-26.538,12.956,
'[16:13:00.970 24/04/1989]',14.347,-14.347,9.309,
'[16:13:00.980 24/04/1989]',49.137,-49.137,8.925,
'[16:13:00.990 24/04/1989]',63.766,-63.766,2.111,
'[16:13:01.000 24/04/1989]',63.953,-63.953,4.223,
'[16:13:01.010 24/04/1989]',63.859,-63.859,0.96,
'[16:13:01.020 24/04/1989]',62.922,-62.922,1.632,
'[16:13:01.030 24/04/1989]',61.327,-61.327,2.975,
'[16:13:01.040 24/04/1989]',59.452,-59.452,3.935,
'[16:13:01.050 24/04/1989]',56.264,-56.264,8.541,
'[16:13:01.060 24/04/1989]',50.637,-50.637,8.541,
'[16:13:01.070 24/04/1989]',48.949,-48.949,7.774,
'[16:13:01.080 24/04/1989]',36.009,-36.009,-2.879,
'[16:13:01.090 24/04/1989]',36.29,-36.29,-5.182,
'[16:13:01.100 24/04/1989]',25.788,-25.788,-3.167,
'[16:13:01.110 24/04/1989]',17.536,-17.536,1.056,
'[16:13:01.120 24/04/1989]',5.533,-5.533,8.925,
'[16:13:01.130 24/04/1989]',3.47,-3.47,9.213,
'[16:13:01.140 24/04/1989]',9.19,9.19,9.405,
'[16:13:01.150 24/04/1989]',16.41,16.41,4.99,
'[16:13:01.160 24/04/1989]',25.412,25.412,4.415,
'[16:13:01.170 24/04/1989]',31.226,31.226,-4.223,
'[16:13:01.180 24/04/1989]',31.977,31.977,-8.637,
'[16:13:01.190 24/04/1989]',29.351,29.351,-5.374,
'[16:13:01.200 24/04/1989]',31.601,31.601,0,
'[16:13:01.210 24/04/1989]',33.664,33.664,3.647,
'[16:13:01.220 24/04/1989]',38.541,38.541,9.597,
'[16:13:01.230 24/04/1989]',37.415,37.415,15.547,
'[16:13:01.240 24/04/1989]',35.915,35.915,15.355,
'[16:13:01.250 24/04/1989]',35.54,35.54,20.538,
'[16:13:01.260 24/04/1989]',36.571,36.571,13.628,
'[16:13:01.270 24/04/1989]',33.664,33.664,14.012,
'[16:13:01.280 24/04/1989]',34.79,34.79,7.39,
'[16:13:01.290 24/04/1989]',38.447,38.447,2.591,
'[16:13:01.300 24/04/1989]',44.542,44.542,4.223,
'[16:13:01.310 24/04/1989]',12.003,12.003,10.173,
'[16:13:01.320 24/04/1989]',30.57,30.57,10.941,
'[16:13:01.330 24/04/1989]',30.851,30.851,9.501,
'[16:13:01.340 24/04/1989]',33.289,33.289,12.476,
'[16:13:01.350 24/04/1989]',29.82,29.82,11.804,
'[16:13:01.360 24/04/1989]',30.851,30.851,3.839,
'[16:13:01.370 24/04/1989]',24.662,24.662,10.653,
'[16:13:01.380 24/04/1989]',19.317,19.317,11.325,
'[16:13:01.390 24/04/1989]',18.473,18.473,6.142,
'[16:13:01.400 24/04/1989]',19.974,19.974,11.325,
'[16:13:01.410 24/04/1989]',17.723,17.723,15.451,
'[16:13:01.420 24/04/1989]',20.724,20.724,16.603,
'[16:13:01.430 24/04/1989]',25.319,25.319,11.708,
'[16:13:01.440 24/04/1989]',6.377,-6.377,10.173,
'[16:13:01.450 24/04/1989]',7.408,-7.408,9.885,
'[16:13:01.460 24/04/1989]',16.785,-16.785,9.789,
'[16:13:01.470 24/04/1989]',38.447,-38.447,5.086,
'[16:13:01.480 24/04/1989]',47.449,-47.449,0.96,
'[16:13:01.490 24/04/1989]',47.824,-47.824,1.919,
'[16:13:01.500 24/04/1989]',48.012,-48.012,4.511,
'[16:13:01.510 24/04/1989]',47.449,-47.449,5.374,
'[16:13:01.520 24/04/1989]',43.323,-43.323,2.975,
'[16:13:01.530 24/04/1989]',35.727,-35.727,6.142,
'[16:13:01.540 24/04/1989]',23.068,-23.068,8.158,
'[16:13:01.550 24/04/1989]',15.566,-15.566,8.541,
'[16:13:01.560 24/04/1989]',6.564,-6.564,9.693,
'[16:13:01.570 24/04/1989]',4.407,4.407,4.319,
'[16:13:01.580 24/04/1989]',13.785,13.785,4.319,
'[16:13:01.590 24/04/1989]',16.879,16.879,3.551,
'[16:13:01.600 24/04/1989]',28.882,28.882,0,
'[16:13:01.610 24/04/1989]',36.665,36.665,-3.839,
'[16:13:01.620 24/04/1989]',37.228,37.228,-0.288,
'[16:13:01.630 24/04/1989]',44.448,44.448,4.799,
'[16:13:01.640 24/04/1989]',41.823,41.823,4.031,
'[16:13:01.650 24/04/1989]',47.262,47.262,3.263,
'[16:13:01.660 24/04/1989]',47.168,47.168,6.142,
'[16:13:01.670 24/04/1989]',46.699,46.699,5.566,
'[16:13:01.680 24/04/1989]',45.292,45.292,8.158,
'[16:13:01.690 24/04/1989]',46.793,46.793,5.854,
'[16:13:01.700 24/04/1989]',45.011,45.011,3.455,
'[16:13:01.710 24/04/1989]',42.479,42.479,-2.879,
'[16:13:01.720 24/04/1989]',40.885,40.885,0.48,
'[16:13:01.730 24/04/1989]',44.917,44.917,-0.192,
'[16:13:01.740 24/04/1989]',36.384,36.384,4.127,
'[16:13:01.750 24/04/1989]',33.102,33.102,0.096,
'[16:13:01.760 24/04/1989]',38.166,38.166,4.607,
'[16:13:01.770 24/04/1989]',29.163,29.163,5.566,
'[16:13:01.780 24/04/1989]',27.007,27.007,2.111,
'[16:13:01.790 24/04/1989]',27.475,27.475,5.566,
'[16:13:01.800 24/04/1989]',19.974,19.974,2.783,
'[16:13:01.810 24/04/1989]',21.849,21.849,3.935,
'[16:13:01.820 24/04/1989]',16.973,16.973,7.486,
'[16:13:01.830 24/04/1989]',16.598,16.598,10.173,
'[16:13:01.840 24/04/1989]',15.473,15.473,9.213,
'[16:13:01.850 24/04/1989]',10.409,10.409,11.612,
'[16:13:01.860 24/04/1989]',15.754,15.754,5.662,
'[16:13:01.870 24/04/1989]',13.222,13.222,3.743,
'[16:13:01.880 24/04/1989]',6.752,6.752,-0.48,
'[16:13:01.890 24/04/1989]',13.691,13.691,-4.415,
'[16:13:01.900 24/04/1989]',12.566,12.566,-4.031,
'[16:13:01.910 24/04/1989]',13.128,13.128,-2.015,
'[16:13:01.920 24/04/1989]',11.159,11.159,-0.672,
'[16:13:01.930 24/04/1989]',17.067,17.067,-4.127,
'[16:13:01.940 24/04/1989]',12.003,12.003,-2.975,
'[16:13:01.950 24/04/1989]',11.815,11.815,-2.111,
'[16:13:01.960 24/04/1989]',2.438,2.438,-2.015,
'[16:13:01.970 24/04/1989]',10.221,10.221,-2.303,
'[16:13:01.980 24/04/1989]',6.658,6.658,-2.783,
'[16:13:01.990 24/04/1989]',10.971,10.971,-4.031,
'[16:13:02.000 24/04/1989]',4.501,4.501,-6.718,
'[16:13:02.010 24/04/1989]',2.626,-2.626,-8.158,
'[16:13:02.020 24/04/1989]',0.75,-0.75,-5.854,
'[16:13:02.030 24/04/1989]',4.032,-4.032,-3.743,
'[16:13:02.040 24/04/1989]',1.5,-1.5,-6.334,
'[16:13:02.050 24/04/1989]',5.158,-5.158,-4.223,
'[16:13:02.060 24/04/1989]',2.532,-2.532,-8.733,
'[16:13:02.070 24/04/1989]',1.782,-1.782,-9.117,
'[16:13:02.080 24/04/1989]',6.095,6.095,-12.476,
'[16:13:02.090 24/04/1989]',5.814,-5.814,-14.684,
'[16:13:02.100 24/04/1989]',5.439,-5.439,-18.042,
'[16:13:02.110 24/04/1989]',7.127,-7.127,-14.779,
'[16:13:02.120 24/04/1989]',3.751,3.751,-15.163,
'[16:13:02.130 24/04/1989]',2.251,-2.251,-12.092,
'[16:13:02.140 24/04/1989]',6.658,-6.658,-13.628,
'[16:13:02.150 24/04/1989]',2.251,-2.251,-19.77,
'[16:13:02.160 24/04/1989]',5.814,-5.814,-18.618,
'[16:13:02.170 24/04/1989]',2.251,-2.251,-16.315,
'[16:13:02.180 24/04/1989]',4.314,4.314,-19.29,
'[16:13:02.190 24/04/1989]',6.564,6.564,-17.659,
'[16:13:02.200 24/04/1989]',3.751,3.751,-17.083,
'[16:13:02.210 24/04/1989]',4.22,4.22,-9.597,
'[16:13:02.220 24/04/1989]',3.657,3.657,-8.541,
'[16:13:02.230 24/04/1989]',3.001,3.001,-8.253,
'[16:13:02.240 24/04/1989]',1.782,1.782,-8.062,
'[16:13:02.250 24/04/1989]',1.407,1.407,-3.167,
'[16:13:02.260 24/04/1989]',1.875,-1.875,-10.749,
'[16:13:02.270 24/04/1989]',5.439,-5.439,-8.733,
'[16:13:02.280 24/04/1989]',3.563,-3.563,-2.687,
'[16:13:02.290 24/04/1989]',4.876,-4.876,-10.269,
'[16:13:02.300 24/04/1989]',20.63,20.63,-15.643,
'[16:13:02.310 24/04/1989]',26.538,-26.538,2.495,
'[16:13:02.320 24/04/1989]',21.193,-21.193,-1.44,
'[16:13:02.330 24/04/1989]',43.604,-43.604,-14.971,
'[16:13:02.340 24/04/1989]',25.694,-25.694,-12.38,
'[16:13:02.350 24/04/1989]',58.889,-58.889,-13.532,
'[16:13:02.360 24/04/1989]',65.36,-65.36,-13.436,
'[16:13:02.370 24/04/1989]',67.798,-67.798,-15.931,
'[16:13:02.380 24/04/1989]',58.045,-58.045,-18.426,
'[16:13:02.390 24/04/1989]',41.635,-41.635,-20.73,
'[16:13:02.400 24/04/1989]',68.454,-68.454,-12.284,
'[16:13:02.410 24/04/1989]',58.514,-58.514,-17.755,
'[16:13:02.420 24/04/1989]',73.705,-73.705,-18.81,
'[16:13:02.430 24/04/1989]',47.824,-47.824,-22.745,
'[16:13:02.440 24/04/1989]',55.138,-55.138,-4.895,
'[16:13:02.450 24/04/1989]',50.168,-50.168,-19.098,
'[16:13:02.460 24/04/1989]',45.386,-45.386,-10.845,
'[16:13:02.470 24/04/1989]',38.166,-38.166,-9.597,
'[16:13:02.480 24/04/1989]',34.321,-34.321,-3.743,
'[16:13:02.490 24/04/1989]',23.537,-23.537,-10.461,
'[16:13:02.500 24/04/1989]',10.127,-10.127,-6.43,
'[16:13:02.510 24/04/1989]',21.38,-21.38,-6.238,
'[16:13:02.520 24/04/1989]',17.536,-17.536,-13.724,
'[16:13:02.530 24/04/1989]',10.127,-10.127,-12.476,
'[16:13:02.540 24/04/1989]',15.754,-15.754,-9.309,
'[16:13:02.550 24/04/1989]',11.44,-11.44,-4.511,
'[16:13:02.560 24/04/1989]',3.376,-3.376,-10.845,
'[16:13:02.570 24/04/1989]',7.502,7.502,-6.046,
'[16:13:02.580 24/04/1989]',33.946,-33.946,-11.421,
'[16:13:02.590 24/04/1989]',12.659,-12.659,-13.916,
'[16:13:02.600 24/04/1989]',17.911,-17.911,-16.315,
'[16:13:02.610 24/04/1989]',20.63,-20.63,-10.653,
'[16:13:02.620 24/04/1989]',18.755,-18.755,-11.037,
'[16:13:02.630 24/04/1989]',15.848,-15.848,-6.142,
'[16:13:02.640 24/04/1989]',33.758,-33.758,-4.703,
'[16:13:02.650 24/04/1989]',49.325,-49.325,-9.213,
'[16:13:02.660 24/04/1989]',49.7,-49.7,-1.248,
'[16:13:02.670 24/04/1989]',55.045,-55.045,0.384,
'[16:13:02.680 24/04/1989]',53.732,-53.732,4.319,
'[16:13:02.690 24/04/1989]',51.2,-51.2,-0.576,
'[16:13:02.700 24/04/1989]',45.574,-45.574,1.152,
'[16:13:02.710 24/04/1989]',32.352,-32.352,-3.071,
'[16:13:02.720 24/04/1989]',25.037,-25.037,-2.975,
'[16:13:02.730 24/04/1989]',22.787,-22.787,-5.086,
'[16:13:02.740 24/04/1989]',0,0,-3.167,
'[16:13:02.750 24/04/1989]',9.19,9.19,-2.783,
'[16:13:02.760 24/04/1989]',17.442,17.442,-1.44,
'[16:13:02.770 24/04/1989]',24.287,24.287,-6.238,
'[16:13:02.780 24/04/1989]',32.633,32.633,-10.845,
'[16:13:02.790 24/04/1989]',34.884,34.884,-15.163,
'[16:13:02.800 24/04/1989]',43.979,43.979,-4.99,
'[16:13:02.810 24/04/1989]',47.074,47.074,-4.031,
'[16:13:02.820 24/04/1989]',46.23,46.23,11.229,
'[16:13:02.830 24/04/1989]',40.885,40.885,-0.576,
'[16:13:02.840 24/04/1989]',45.855,45.855,0.768,
'[16:13:02.850 24/04/1989]',45.574,45.574,-2.111,
'[16:13:02.860 24/04/1989]',17.16,17.16,0.48,
'[16:13:02.870 24/04/1989]',2.532,-2.532,0.864,
'[16:13:02.880 24/04/1989]',11.065,-11.065,2.783,
'[16:13:02.890 24/04/1989]',25.412,-25.412,-0.48,
'[16:13:02.900 24/04/1989]',40.416,-40.416,0.96,
'[16:13:02.910 24/04/1989]',45.292,-45.292,-2.303,
'[16:13:02.920 24/04/1989]',38.634,-38.634,-1.823,
'[16:13:02.930 24/04/1989]',35.915,-35.915,1.536,
'[16:13:02.940 24/04/1989]',28.226,-28.226,-3.839,
'[16:13:02.950 24/04/1989]',4.407,-4.407,-3.359,
'[16:13:02.960 24/04/1989]',11.44,11.44,-6.046,
'[16:13:02.970 24/04/1989]',26.069,26.069,-4.895,
'[16:13:02.980 24/04/1989]',42.292,42.292,-2.399,
'[16:13:02.990 24/04/1989]',44.73,44.73,-1.344,
'[16:13:03.000 24/04/1989]',53.169,53.169,-5.086,
'[16:13:03.010 24/04/1989]',58.889,58.889,-6.622,
'[16:13:03.020 24/04/1989]',63.766,63.766,-11.037,
'[16:13:03.030 24/04/1989]',63.953,63.953,-10.749,
'[16:13:03.040 24/04/1989]',63.953,63.953,-3.071,
'[16:13:03.050 24/04/1989]',61.703,61.703,-2.687,
'[16:13:03.060 24/04/1989]',58.983,58.983,-1.823,
'[16:13:03.070 24/04/1989]',54.201,54.201,3.935,
'[16:13:03.080 24/04/1989]',52.982,52.982,-1.823,
'[16:13:03.090 24/04/1989]',44.448,44.448,-5.182,
'[16:13:03.100 24/04/1989]',29.351,29.351,-3.743,
'[16:13:03.110 24/04/1989]',7.127,7.127,-1.248,
'[16:13:03.120 24/04/1989]',21.568,-21.568,1.344,
'[16:13:03.130 24/04/1989]',48.668,-48.668,0.384,
'[16:13:03.140 24/04/1989]',48.387,-48.387,6.334,
'[16:13:03.150 24/04/1989]',51.575,-51.575,9.405,
'[16:13:03.160 24/04/1989]',38.072,-38.072,10.557,
'[16:13:03.170 24/04/1989]',22.505,-22.505,6.814,
'[16:13:03.180 24/04/1989]',27.851,-27.851,3.647,
'[16:13:03.190 24/04/1989]',3.001,3.001,1.152,
'[16:13:03.200 24/04/1989]',25.788,25.788,4.895,
'[16:13:03.210 24/04/1989]',37.415,37.415,2.495,
'[16:13:03.220 24/04/1989]',43.136,43.136,3.167,
'[16:13:03.230 24/04/1989]',51.481,51.481,3.551,
'[16:13:03.240 24/04/1989]',53.919,53.919,3.743,
'[16:13:03.250 24/04/1989]',53.075,53.075,0.288,
'[16:13:03.260 24/04/1989]',61.984,61.984,1.727,
'[16:13:03.270 24/04/1989]',60.296,60.296,1.248,
'[16:13:03.280 24/04/1989]',54.388,54.388,3.263,
'[16:13:03.290 24/04/1989]',44.448,44.448,-0.192,
'[16:13:03.300 24/04/1989]',45.011,45.011,6.046,
'[16:13:03.310 24/04/1989]',18.567,-18.567,6.334,
'[16:13:03.320 24/04/1989]',40.979,-40.979,2.975,
'[16:13:03.330 24/04/1989]',36.571,-36.571,1.919,
'[16:13:03.340 24/04/1989]',50.075,-50.075,10.077,
'[16:13:03.350 24/04/1989]',41.26,-41.26,5.854,
'[16:13:03.360 24/04/1989]',23.349,-23.349,8.253,
'[16:13:03.370 24/04/1989]',12.659,-12.659,11.037,
'[16:13:03.380 24/04/1989]',7.971,7.971,6.814,
'[16:13:03.390 24/04/1989]',27.194,27.194,5.758,
'[16:13:03.400 24/04/1989]',24.756,24.756,5.278,
'[16:13:03.410 24/04/1989]',40.885,40.885,2.207,
'[16:13:03.420 24/04/1989]',46.418,46.418,-2.591,
'[16:13:03.430 24/04/1989]',52.982,52.982,-4.607,
'[16:13:03.440 24/04/1989]',55.138,55.138,-3.551,
'[16:13:03.450 24/04/1989]',64.516,64.516,2.879,
'[16:13:03.460 24/04/1989]',56.639,56.639,5.854,
'[16:13:03.470 24/04/1989]',57.201,57.201,8.062,
'[16:13:03.480 24/04/1989]',49.137,49.137,8.349,
'[16:13:03.490 24/04/1989]',69.017,69.017,4.895,
'[16:13:03.500 24/04/1989]',9.377,9.377,8.925,
'[16:13:03.510 24/04/1989]',24.381,24.381,9.981,
'[16:13:03.520 24/04/1989]',25.131,25.131,13.34,
'[16:13:03.530 24/04/1989]',9.94,-9.94,9.597,
'[16:13:03.540 24/04/1989]',18.192,18.192,5.182,
'[16:13:03.550 24/04/1989]',15.004,15.004,4.799,
'[16:13:03.560 24/04/1989]',18.848,18.848,7.198,
'[16:13:03.570 24/04/1989]',12.003,12.003,9.309,
'[16:13:03.580 24/04/1989]',17.442,17.442,10.077,
'[16:13:03.590 24/04/1989]',21.286,21.286,10.365,
'[16:13:03.600 24/04/1989]',7.033,7.033,8.349,
'[16:13:03.610 24/04/1989]',6.939,6.939,6.142,
'[16:13:03.620 24/04/1989]',17.442,17.442,6.142,
'[16:13:03.630 24/04/1989]',9.94,9.94,8.445,
'[16:13:03.640 24/04/1989]',6.095,6.095,11.037,
'[16:13:03.650 24/04/1989]',9.846,9.846,10.653,
'[16:13:03.660 24/04/1989]',10.69,10.69,6.622,
'[16:13:03.670 24/04/1989]',12.659,12.659,7.294,
'[16:13:03.680 24/04/1989]',14.347,14.347,6.334,
'[16:13:03.690 24/04/1989]',15.566,15.566,7.006,
'[16:13:03.700 24/04/1989]',9.659,9.659,8.349,
'[16:13:03.710 24/04/1989]',11.909,11.909,7.966,
'[16:13:03.720 24/04/1989]',13.597,13.597,12.476,
'[16:13:03.730 24/04/1989]',8.627,8.627,8.541,
'[16:13:03.740 24/04/1989]',4.595,4.595,10.269,
'[16:13:03.750 24/04/1989]',9.565,9.565,3.839,
'[16:13:03.760 24/04/1989]',24.287,24.287,5.662,
'[16:13:03.770 24/04/1989]',17.629,17.629,4.415,
'[16:13:03.780 24/04/1989]',17.723,17.723,4.319,
'[16:13:03.790 24/04/1989]',10.596,10.596,8.349,
'[16:13:03.800 24/04/1989]',3.47,3.47,9.981,
'[16:13:03.810 24/04/1989]',9.284,9.284,11.037,
'[16:13:03.820 24/04/1989]',2.251,-2.251,11.325,
'[16:13:03.830 24/04/1989]',6.564,6.564,10.749,
'[16:13:03.840 24/04/1989]',4.032,4.032,6.238,
'[16:13:03.850 24/04/1989]',5.533,5.533,6.334,
'[16:13:03.860 24/04/1989]',3.47,3.47,5.086,
'[16:13:03.870 24/04/1989]',2.719,-2.719,7.102,
'[16:13:03.880 24/04/1989]',5.908,-5.908,6.91,
'[16:13:03.890 24/04/1989]',7.502,7.502,5.374,
'[16:13:03.900 24/04/1989]',11.44,-11.44,8.445,
'[16:13:03.910 24/04/1989]',4.876,-4.876,3.071,
'[16:13:03.920 24/04/1989]',13.597,-13.597,2.111,
'[16:13:03.930 24/04/1989]',8.158,-8.158,2.015,
'[16:13:03.940 24/04/1989]',24.475,-24.475,1.823,
'[16:13:03.950 24/04/1989]',10.971,-10.971,0.864,
'[16:13:03.960 24/04/1989]',11.815,-11.815,0.576,
'[16:13:03.970 24/04/1989]',18.848,-18.848,3.071,
'[16:13:03.980 24/04/1989]',21.568,-21.568,5.278,
'[16:13:03.990 24/04/1989]',13.785,-13.785,4.319,
'[16:13:04.000 24/04/1989]',25.037,-25.037,3.647,
'[16:13:04.010 24/04/1989]',38.822,-38.822,2.879,
'[16:13:04.020 24/04/1989]',58.421,-58.421,0.096,
'[16:13:04.030 24/04/1989]',65.453,-65.453,-5.662,
'[16:13:04.040 24/04/1989]',90.866,-90.866,-8.637,
'[16:13:04.050 24/04/1989]',88.615,-88.615,-9.309,
'[16:13:04.060 24/04/1989]',89.647,-89.647,-5.086,
'[16:13:04.070 24/04/1989]',88.147,-88.147,-2.399,
'[16:13:04.080 24/04/1989]',83.739,-83.739,-0.384,
'[16:13:04.090 24/04/1989]',81.02,-81.02,4.799,
'[16:13:04.100 24/04/1989]',63.578,-63.578,2.687,
'[16:13:04.110 24/04/1989]',55.42,-55.42,0.672,
'[16:13:04.120 24/04/1989]',37.978,-37.978,0.192,
'[16:13:04.130 24/04/1989]',24.193,-24.193,-0.768,
'[16:13:04.140 24/04/1989]',12.753,-12.753,2.975,
'[16:13:04.150 24/04/1989]',0.375,0.375,1.632,
'[16:13:04.160 24/04/1989]',5.72,5.72,2.975,
'[16:13:04.170 24/04/1989]',10.034,10.034,1.248,
'[16:13:04.180 24/04/1989]',17.723,17.723,1.823,
'[16:13:04.190 24/04/1989]',19.88,19.88,-2.015,
'[16:13:04.200 24/04/1989]',23.443,23.443,-5.566,
'[16:13:04.210 24/04/1989]',19.505,19.505,-4.031,
'[16:13:04.220 24/04/1989]',21.849,21.849,-1.823,
'[16:13:04.230 24/04/1989]',25.694,25.694,1.44,
'[16:13:04.240 24/04/1989]',17.723,17.723,1.919,
'[16:13:04.250 24/04/1989]',16.598,16.598,-0.672,
'[16:13:04.260 24/04/1989]',9.096,9.096,2.207,
'[16:13:04.270 24/04/1989]',1.782,-1.782,2.495,
'[16:13:04.280 24/04/1989]',17.067,-17.067,0.096,
'[16:13:04.290 24/04/1989]',32.164,-32.164,-0.864,
'[16:13:04.300 24/04/1989]',38.822,-38.822,-3.167,
'[16:13:04.310 24/04/1989]',77.738,-77.738,-3.263,
'[16:13:04.320 24/04/1989]',76.8,-76.8,-4.607,
'[16:13:04.330 24/04/1989]',74.081,-74.081,-3.743,
'[16:13:04.340 24/04/1989]',67.235,-67.235,-6.334,
'[16:13:04.350 24/04/1989]',48.856,-48.856,-6.046,
'[16:13:04.360 24/04/1989]',43.136,-43.136,-3.743,
'[16:13:04.370 24/04/1989]',26.35,-26.35,-3.551,
'[16:13:04.380 24/04/1989]',5.158,5.158,-4.415,
'[16:13:04.390 24/04/1989]',19.974,19.974,-4.223,
'[16:13:04.400 24/04/1989]',24.006,24.006,-4.799,
'[16:13:04.410 24/04/1989]',36.009,36.009,-2.111,
'[16:13:04.420 24/04/1989]',47.918,47.918,-1.344,
'[16:13:04.430 24/04/1989]',51.012,51.012,-5.758,
'[16:13:04.440 24/04/1989]',50.168,50.168,-8.158,
'[16:13:04.450 24/04/1989]',54.107,54.107,-9.693,
'[16:13:04.460 24/04/1989]',57.577,57.577,-5.758,
'[16:13:04.470 24/04/1989]',54.295,54.295,-4.703,
'[16:13:04.480 24/04/1989]',55.232,55.232,-2.303,
'[16:13:04.490 24/04/1989]',51.012,51.012,-3.743,
'[16:13:04.500 24/04/1989]',47.355,47.355,0.768,
'[16:13:04.510 24/04/1989]',46.793,46.793,4.031,
'[16:13:04.520 24/04/1989]',38.541,38.541,9.981,
'[16:13:04.530 24/04/1989]',39.853,39.853,11.612,
'[16:13:04.540 24/04/1989]',36.196,36.196,6.334,
'[16:13:04.550 24/04/1989]',40.885,40.885,3.647,
'[16:13:04.560 24/04/1989]',39.197,39.197,2.975,
'[16:13:04.570 24/04/1989]',31.508,31.508,5.182,
'[16:13:04.580 24/04/1989]',34.884,34.884,2.687,
'[16:13:04.590 24/04/1989]',39.103,39.103,3.167,
'[16:13:04.600 24/04/1989]',13.878,13.878,5.278,
'[16:13:04.610 24/04/1989]',6.845,6.845,4.511,
'[16:13:04.620 24/04/1989]',9.096,-9.096,0.864,
'[16:13:04.630 24/04/1989]',21.943,-21.943,0.576,
'[16:13:04.640 24/04/1989]',50.919,-50.919,0.48,
'[16:13:04.650 24/04/1989]',59.077,-59.077,-1.44,
'[16:13:04.660 24/04/1989]',58.233,-58.233,-0.48,
'[16:13:04.670 24/04/1989]',61.609,-61.609,3.167,
'[16:13:04.680 24/04/1989]',52.607,-52.607,5.95,
'[16:13:04.690 24/04/1989]',37.134,-37.134,8.158,
'[16:13:04.700 24/04/1989]',23.631,-23.631,8.253,
'[16:13:04.710 24/04/1989]',1.032,-1.032,7.006,
'[16:13:04.720 24/04/1989]',18.942,18.942,4.511,
'[16:13:04.730 24/04/1989]',44.823,44.823,2.015,
'[16:13:04.740 24/04/1989]',55.701,55.701,-1.536,
'[16:13:04.750 24/04/1989]',63.672,63.672,4.415,
'[16:13:04.760 24/04/1989]',71.267,71.267,6.142,
'[16:13:04.770 24/04/1989]',74.456,74.456,6.718,
'[16:13:04.780 24/04/1989]',75.862,75.862,4.511,
'[16:13:04.790 24/04/1989]',73.143,73.143,2.591,
'[16:13:04.800 24/04/1989]',72.393,72.393,-1.823,
'[16:13:04.810 24/04/1989]',76.237,76.237,-3.263,
'[16:13:04.820 24/04/1989]',67.329,67.329,2.495,
'[16:13:04.830 24/04/1989]',65.172,65.172,9.981,
'[16:13:04.840 24/04/1989]',60.671,60.671,11.133,
'[16:13:04.850 24/04/1989]',59.733,59.733,9.789,
'[16:13:04.860 24/04/1989]',58.796,58.796,8.925,
'[16:13:04.870 24/04/1989]',51.95,51.95,9.597,
'[16:13:04.880 24/04/1989]',52.794,52.794,8.829,
'[16:13:04.890 24/04/1989]',69.111,69.111,7.87,
'[16:13:04.900 24/04/1989]',31.226,31.226,10.557,
'[16:13:04.910 24/04/1989]',50.356,50.356,6.814,
'[16:13:04.920 24/04/1989]',45.667,45.667,7.294,
'[16:13:04.930 24/04/1989]',47.355,47.355,2.687,
'[16:13:04.940 24/04/1989]',41.823,41.823,6.526,
'[16:13:04.950 24/04/1989]',40.416,40.416,4.895,
'[16:13:04.960 24/04/1989]',38.728,38.728,10.173,
'[16:13:04.970 24/04/1989]',33.946,33.946,12.572,
'[16:13:04.980 24/04/1989]',34.04,34.04,12.476,
'[16:13:04.990 24/04/1989]',27.944,27.944,11.229,
'[16:13:05.000 24/04/1989]',26.632,26.632,12.188,
'[16:13:05.010 24/04/1989]',26.35,26.35,10.749,
'[16:13:05.020 24/04/1989]',25.881,25.881,10.941,
'[16:13:05.030 24/04/1989]',16.785,16.785,8.733,
'[16:13:05.040 24/04/1989]',15.941,15.941,9.501,
'[16:13:05.050 24/04/1989]',16.035,16.035,6.91,
'[16:13:05.060 24/04/1989]',13.503,13.503,2.879,
'[16:13:05.070 24/04/1989]',12.19,12.19,5.374,
'[16:13:05.080 24/04/1989]',14.253,14.253,7.39,
'[16:13:05.090 24/04/1989]',8.908,8.908,5.182,
'[16:13:05.100 24/04/1989]',7.596,7.596,4.799,
'[16:13:05.110 24/04/1989]',5.814,5.814,6.526,
'[16:13:05.120 24/04/1989]',0.375,0.375,8.637,
'[16:13:05.130 24/04/1989]',1.782,1.782,5.662,
'[16:13:05.140 24/04/1989]',0.844,-0.844,7.294,
'[16:13:05.150 24/04/1989]',3.938,3.938,6.622,
'[16:13:05.160 24/04/1989]',28.695,28.695,3.071,
'[16:13:05.170 24/04/1989]',9.096,-9.096,5.374,
'[16:13:05.180 24/04/1989]',15.097,15.097,2.495,
'[16:13:05.190 24/04/1989]',15.191,15.191,4.99,
'[16:13:05.200 24/04/1989]',25.788,25.788,5.758,
'[16:13:05.210 24/04/1989]',19.599,19.599,4.319,
'[16:13:05.220 24/04/1989]',16.223,16.223,3.071,
'[16:13:05.230 24/04/1989]',29.632,29.632,4.895,
'[16:13:05.240 24/04/1989]',32.821,32.821,2.495,
'[16:13:05.250 24/04/1989]',30.945,30.945,1.248,
'[16:13:05.260 24/04/1989]',30.007,30.007,1.056,
'[16:13:05.270 24/04/1989]',28.695,28.695,-2.879,
'[16:13:05.280 24/04/1989]',31.226,31.226,0,
'[16:13:05.290 24/04/1989]',28.976,28.976,7.198,
'[16:13:05.300 24/04/1989]',28.601,28.601,7.486,
'[16:13:05.310 24/04/1989]',25.506,25.506,9.885,
'[16:13:05.320 24/04/1989]',17.442,17.442,14.779,
'[16:13:05.330 24/04/1989]',14.816,14.816,12.572,
'[16:13:05.340 24/04/1989]',17.16,17.16,7.102,
'[16:13:05.350 24/04/1989]',16.879,16.879,6.046,
'[16:13:05.360 24/04/1989]',11.815,11.815,4.607,
'[16:13:05.370 24/04/1989]',15.097,15.097,-0.48,
'[16:13:05.380 24/04/1989]',13.222,13.222,-1.248,
'[16:13:05.390 24/04/1989]',11.347,11.347,0.096,
'[16:13:05.400 24/04/1989]',4.501,4.501,3.743,
'[16:13:05.410 24/04/1989]',4.126,4.126,3.839,
'[16:13:05.420 24/04/1989]',1.782,1.782,0.192,
'[16:13:05.430 24/04/1989]',5.345,5.345,1.632,
'[16:13:05.440 24/04/1989]',16.692,16.692,0.576,
'[16:13:05.450 24/04/1989]',14.347,-14.347,1.248,
'[16:13:05.460 24/04/1989]',6.564,6.564,3.935,
'[16:13:05.470 24/04/1989]',5.908,5.908,2.303,
'[16:13:05.480 24/04/1989]',6.283,6.283,2.111,
'[16:13:05.490 24/04/1989]',13.503,13.503,-0.864,
'[16:13:05.500 24/04/1989]',14.816,14.816,1.248,
'[16:13:05.510 24/04/1989]',11.534,11.534,5.758,
'[16:13:05.520 24/04/1989]',12.284,12.284,4.607,
'[16:13:05.530 24/04/1989]',7.033,7.033,6.334,
'[16:13:05.540 24/04/1989]',13.128,13.128,1.344,
'[16:13:05.550 24/04/1989]',7.314,7.314,0.48,
'[16:13:05.560 24/04/1989]',6.939,6.939,0.96,
'[16:13:05.570 24/04/1989]',6.095,6.095,1.248,
'[16:13:05.580 24/04/1989]',2.157,-2.157,4.415,
'[16:13:05.590 24/04/1989]',9.096,-9.096,8.541,
'[16:13:05.600 24/04/1989]',8.346,-8.346,10.077,
'[16:13:05.610 24/04/1989]',7.314,-7.314,6.526,
'[16:13:05.620 24/04/1989]',8.346,-8.346,0.192,
'[16:13:05.630 24/04/1989]',6.752,-6.752,0.768,
'[16:13:05.640 24/04/1989]',10.69,-10.69,-1.248,
'[16:13:05.650 24/04/1989]',11.722,-11.722,-2.687,
'[16:13:05.660 24/04/1989]',10.315,-10.315,-2.591,
'[16:13:05.670 24/04/1989]',7.033,-7.033,-3.071,
'[16:13:05.680 24/04/1989]',13.878,-13.878,1.344,
'[16:13:05.690 24/04/1989]',15.004,-15.004,0.48,
'[16:13:05.700 24/04/1989]',13.222,-13.222,-1.632,
'[16:13:05.710 24/04/1989]',14.066,-14.066,-2.591,
'[16:13:05.720 24/04/1989]',15.473,-15.473,-2.303,
'[16:13:05.730 24/04/1989]',23.725,-23.725,-0.48,
'[16:13:05.740 24/04/1989]',25.788,-25.788,-0.48,
'[16:13:05.750 24/04/1989]',24.756,-24.756,3.167,
'[16:13:05.760 24/04/1989]',46.136,-46.136,2.495,
'[16:13:05.770 24/04/1989]',58.889,-58.889,2.207,
'[16:13:05.780 24/04/1989]',88.803,-88.803,5.278,
'[16:13:05.790 24/04/1989]',93.679,-93.679,-0.672,
'[16:13:05.800 24/04/1989]',116.466,-116.466,1.632,
'[16:13:05.810 24/04/1989]',121.342,-121.342,0,
'[16:13:05.820 24/04/1989]',121.53,-121.53,1.727,
'[16:13:05.830 24/04/1989]',120.967,-120.967,2.591,
'[16:13:05.840 24/04/1989]',120.498,-120.498,0.192,
'[16:13:05.850 24/04/1989]',120.311,-120.311,-0.96,
'[16:13:05.860 24/04/1989]',117.966,-117.966,-0.48,
'[16:13:05.870 24/04/1989]',112.34,-112.34,-2.591,
'[16:13:05.880 24/04/1989]',104.275,-104.275,-4.223,
'[16:13:05.890 24/04/1989]',90.866,-90.866,-5.662,
'[16:13:05.900 24/04/1989]',81.207,-81.207,-6.142,
'[16:13:05.910 24/04/1989]',72.299,-72.299,-9.405,
'[16:13:05.920 24/04/1989]',71.361,-71.361,-10.269,
'[16:13:05.930 24/04/1989]',60.202,-60.202,-11.037,
'[16:13:05.940 24/04/1989]',56.451,-56.451,-11.325,
'[16:13:05.950 24/04/1989]',52.7,-52.7,-13.244,
'[16:13:05.960 24/04/1989]',51.2,-51.2,-13.628,
'[16:13:05.970 24/04/1989]',49.418,-49.418,-16.123,
'[16:13:05.980 24/04/1989]',53.638,-53.638,-10.173,
'[16:13:05.990 24/04/1989]',49.606,-49.606,-7.006,
'[16:13:06.000 24/04/1989]',53.919,-53.919,-1.44,
'[16:13:06.010 24/04/1989]',53.826,-53.826,-0.864,
'[16:13:06.020 24/04/1989]',53.451,-53.451,-1.919,
'[16:13:06.030 24/04/1989]',56.639,-56.639,-5.182,
'[16:13:06.040 24/04/1989]',55.889,-55.889,-7.966,
'[16:13:06.050 24/04/1989]',50.825,-50.825,-11.421,
'[16:13:06.060 24/04/1989]',54.388,-54.388,-10.269,
'[16:13:06.070 24/04/1989]',59.921,-59.921,-8.062,
'[16:13:06.080 24/04/1989]',57.483,-57.483,-7.582,
'[16:13:06.090 24/04/1989]',56.076,-56.076,-9.789,
'[16:13:06.100 24/04/1989]',66.016,-66.016,-14.684,
'[16:13:06.110 24/04/1989]',65.641,-65.641,-14.012,
'[16:13:06.120 24/04/1989]',70.705,-70.705,-14.492,
'[16:13:06.130 24/04/1989]',72.393,-72.393,-14.012,
'[16:13:06.140 24/04/1989]',64.047,-64.047,-12.764,
'[16:13:06.150 24/04/1989]',62.547,-62.547,-11.229,
'[16:13:06.160 24/04/1989]',57.389,-57.389,-11.804,
'[16:13:06.170 24/04/1989]',57.108,-57.108,-10.269,
'[16:13:06.180 24/04/1989]',55.701,-55.701,-9.789,
'[16:13:06.190 24/04/1989]',60.577,-60.577,-7.006,
'[16:13:06.200 24/04/1989]',56.358,-56.358,-6.334,
'[16:13:06.210 24/04/1989]',58.983,-58.983,-6.814,
'[16:13:06.220 24/04/1989]',56.826,-56.826,-4.511,
'[16:13:06.230 24/04/1989]',57.389,-57.389,-1.44,
'[16:13:06.240 24/04/1989]',58.139,-58.139,0.96,
'[16:13:06.250 24/04/1989]',53.919,-53.919,0.576,
'[16:13:06.260 24/04/1989]',51.294,-51.294,-1.056,
'[16:13:06.270 24/04/1989]',50.075,-50.075,-6.142,
'[16:13:06.280 24/04/1989]',48.574,-48.574,-11.037,
'[16:13:06.290 24/04/1989]',45.48,-45.48,-17.179,
'[16:13:06.300 24/04/1989]',40.322,-40.322,-20.058,
'[16:13:06.310 24/04/1989]',39.666,-39.666,-18.81,
'[16:13:06.320 24/04/1989]',39.478,-39.478,-15.931,
'[16:13:06.330 24/04/1989]',36.384,-36.384,-14.971,
'[16:13:06.340 24/04/1989]',44.636,-44.636,-10.749,
'[16:13:06.350 24/04/1989]',42.385,-42.385,-8.925,
'[16:13:06.360 24/04/1989]',43.042,-43.042,-9.021,
'[16:13:06.370 24/04/1989]',40.979,-40.979,-15.835,
'[16:13:06.380 24/04/1989]',38.822,-38.822,-15.643,
'[16:13:06.390 24/04/1989]',43.979,-43.979,-12.764,
'[16:13:06.400 24/04/1989]',52.982,-52.982,-13.532,
'[16:13:06.410 24/04/1989]',45.199,-45.199,-15.643,
'[16:13:06.420 24/04/1989]',95.273,-95.273,-12.764,
'[16:13:06.430 24/04/1989]',95.836,-95.836,-16.795,
'[16:13:06.440 24/04/1989]',95.179,-95.179,-16.219,
'[16:13:06.450 24/04/1989]',93.304,-93.304,-16.987,
'[16:13:06.460 24/04/1989]',91.71,-91.71,-16.507,
'[16:13:06.470 24/04/1989]',89.178,-89.178,-12.86,
'[16:13:06.480 24/04/1989]',86.271,-86.271,-11.037,
'[16:13:06.490 24/04/1989]',82.051,-82.051,-9.885,
'[16:13:06.500 24/04/1989]',76.425,-76.425,-13.148,
'[16:13:06.510 24/04/1989]',67.985,-67.985,-15.259,
'[16:13:06.520 24/04/1989]',56.733,-56.733,-15.163,
'[16:13:06.530 24/04/1989]',53.357,-53.357,-17.467,
'[16:13:06.540 24/04/1989]',44.355,-44.355,-16.411,
'[16:13:06.550 24/04/1989]',32.821,-32.821,-13.724,
'[16:13:06.560 24/04/1989]',30.101,-30.101,-11.229,
'[16:13:06.570 24/04/1989]',28.319,-28.319,-9.117,
'[16:13:06.580 24/04/1989]',27.194,-27.194,-7.966,
'[16:13:06.590 24/04/1989]',25.694,-25.694,-8.445,
'[16:13:06.600 24/04/1989]',19.505,-19.505,-8.925,
'[16:13:06.610 24/04/1989]',21.005,-21.005,-10.269,
'[16:13:06.620 24/04/1989]',21.286,-21.286,-5.95,
'[16:13:06.630 24/04/1989]',21.943,-21.943,-2.783,
'[16:13:06.640 24/04/1989]',14.535,-14.535,-4.895,
'[16:13:06.650 24/04/1989]',10.034,-10.034,-5.086,
'[16:13:06.660 24/04/1989]',7.221,-7.221,-6.334,
'[16:13:06.670 24/04/1989]',2.063,-2.063,-3.455,
'[16:13:06.680 24/04/1989]',7.783,7.783,-2.783,
'[16:13:06.690 24/04/1989]',12.378,12.378,-6.046,
'[16:13:06.700 24/04/1989]',28.788,28.788,-6.43,
'[16:13:06.710 24/04/1989]',8.627,-8.627,-4.031,
'[16:13:06.720 24/04/1989]',8.908,8.908,-2.879,
'[16:13:06.730 24/04/1989]',10.034,10.034,-5.95,
'[16:13:06.740 24/04/1989]',10.971,10.971,-6.334,
'[16:13:06.750 24/04/1989]',19.223,19.223,-5.182,
'[16:13:06.760 24/04/1989]',18.942,18.942,-2.207,
'[16:13:06.770 24/04/1989]',15.848,15.848,-1.536,
'[16:13:06.780 24/04/1989]',20.536,20.536,-1.536,
'[16:13:06.790 24/04/1989]',23.725,23.725,-1.344,
'[16:13:06.800 24/04/1989]',20.255,20.255,3.071,
'[16:13:06.810 24/04/1989]',19.786,19.786,2.495,
'[16:13:06.820 24/04/1989]',13.128,13.128,8.253,
'[16:13:06.830 24/04/1989]',24.662,24.662,11.804,
'[16:13:06.840 24/04/1989]',23.349,23.349,10.845,
'[16:13:06.850 24/04/1989]',25.131,25.131,6.526,
'[16:13:06.860 24/04/1989]',25.037,25.037,0.864,
'[16:13:06.870 24/04/1989]',36.571,36.571,-0.48,
'[16:13:06.880 24/04/1989]',32.258,32.258,-0.576,
'[16:13:06.890 24/04/1989]',33.571,33.571,-1.44,
'[16:13:06.900 24/04/1989]',34.227,34.227,1.056,
'[16:13:06.910 24/04/1989]',36.665,36.665,1.823,
'[16:13:06.920 24/04/1989]',30.758,30.758,3.839,
'[16:13:06.930 24/04/1989]',25.225,25.225,1.056,
'[16:13:06.940 24/04/1989]',31.695,31.695,0.192,
'[16:13:06.950 24/04/1989]',31.133,31.133,4.895,
'[16:13:06.960 24/04/1989]',34.227,34.227,-2.207,
'[16:13:06.970 24/04/1989]',34.602,34.602,-3.071,
'[16:13:06.980 24/04/1989]',28.695,28.695,1.44,
'[16:13:06.990 24/04/1989]',12.941,12.941,1.248,
'[16:13:07.000 24/04/1989]',19.599,19.599,-3.743,
'[16:13:07.010 24/04/1989]',8.721,-8.721,-4.511,
'[16:13:07.020 24/04/1989]',8.815,-8.815,-4.319,
'[16:13:07.030 24/04/1989]',8.346,-8.346,-2.975,
'[16:13:07.040 24/04/1989]',7.314,-7.314,-4.607,
'[16:13:07.050 24/04/1989]',5.158,-5.158,1.248,
'[16:13:07.060 24/04/1989]',3.282,-3.282,2.111,
'[16:13:07.070 24/04/1989]',0.469,0.469,1.919,
'[16:13:07.080 24/04/1989]',7.596,7.596,0.96,
'[16:13:07.090 24/04/1989]',25.131,25.131,0.384,
'[16:13:07.100 24/04/1989]',36.196,36.196,2.111,
'[16:13:07.110 24/04/1989]',37.884,37.884,0.192,
'[16:13:07.120 24/04/1989]',33.008,33.008,2.591,
'[16:13:07.130 24/04/1989]',31.508,31.508,-2.783,
'[16:13:07.140 24/04/1989]',16.41,16.41,-0.96,
'[16:13:07.150 24/04/1989]',12.659,12.659,-3.935,
'[16:13:07.160 24/04/1989]',10.971,10.971,-4.511,
'[16:13:07.170 24/04/1989]',11.065,11.065,-1.632,
'[16:13:07.180 24/04/1989]',20.161,20.161,-1.248,
'[16:13:07.190 24/04/1989]',20.63,20.63,1.632,
'[16:13:07.200 24/04/1989]',44.073,44.073,0,
'[16:13:07.210 24/04/1989]',55.045,55.045,-1.44,
'[16:13:07.220 24/04/1989]',70.423,70.423,-3.359,
'[16:13:07.230 24/04/1989]',103.15,103.15,-1.44,
'[16:13:07.240 24/04/1989]',107.933,107.933,-1.152,
'[16:13:07.250 24/04/1989]',140.566,140.566,3.263,
'[16:13:07.260 24/04/1989]',147.223,147.223,6.238,
'[16:13:07.270 24/04/1989]',155.1,155.1,8.158,
'[16:13:07.280 24/04/1989]',156.226,156.226,6.43,
'[16:13:07.290 24/04/1989]',156.319,156.319,7.102,
'[16:13:07.300 24/04/1989]',156.601,156.601,4.895,
'[16:13:07.310 24/04/1989]',156.319,156.319,3.935,
'[16:13:07.320 24/04/1989]',156.507,156.507,2.687,
'[16:13:07.330 24/04/1989]',156.226,156.226,7.102,
'[16:13:07.340 24/04/1989]',156.413,156.413,0.672,
'[16:13:07.350 24/04/1989]',156.601,156.601,1.919,
'[16:13:07.360 24/04/1989]',156.038,156.038,2.783,
'[16:13:07.370 24/04/1989]',155.382,155.382,8.733,
'[16:13:07.380 24/04/1989]',154.632,154.632,9.597,
'[16:13:07.390 24/04/1989]',151.162,151.162,15.931,
'[16:13:07.400 24/04/1989]',147.692,147.692,10.173,
'[16:13:07.410 24/04/1989]',145.629,145.629,6.43,
'[16:13:07.420 24/04/1989]',142.535,142.535,11.708,
'[16:13:07.430 24/04/1989]',139.159,139.159,19.29,
'[16:13:07.440 24/04/1989]',137.284,137.284,21.593,
'[16:13:07.450 24/04/1989]',131.376,131.376,26.584,
'[16:13:07.460 24/04/1989]',136.627,136.627,16.411,
'[16:13:07.470 24/04/1989]',134.564,134.564,19.962,
'[16:13:07.480 24/04/1989]',130.532,130.532,10.845,
'[16:13:07.490 24/04/1989]',123.218,123.218,18.81,
'[16:13:07.500 24/04/1989]',130.719,130.719,13.724,
'[16:13:07.510 24/04/1989]',127.719,127.719,15.931,
'[16:13:07.520 24/04/1989]',125.843,125.843,15.355,
'[16:13:07.530 24/04/1989]',124.062,124.062,18.042,
'[16:13:07.540 24/04/1989]',122.749,122.749,16.315,
'[16:13:07.550 24/04/1989]',119.279,119.279,16.411,
'[16:13:07.560 24/04/1989]',114.497,114.497,20.25,
'[16:13:07.570 24/04/1989]',112.621,112.621,20.73,
'[16:13:07.580 24/04/1989]',108.401,108.401,23.513,
'[16:13:07.590 24/04/1989]',104.744,104.744,21.689,
'[16:13:07.600 24/04/1989]',100.806,100.806,24.185,
'[16:13:07.610 24/04/1989]',95.367,95.367,20.826,
'[16:13:07.620 24/04/1989]',95.555,95.555,21.497,
'[16:13:07.630 24/04/1989]',89.178,89.178,18.426,
'[16:13:07.640 24/04/1989]',85.427,85.427,17.083,
'[16:13:07.650 24/04/1989]',83.364,83.364,22.553,
'[16:13:07.660 24/04/1989]',78.582,78.582,23.609,
'[16:13:07.670 24/04/1989]',76.894,76.894,24.76,
'[16:13:07.680 24/04/1989]',74.549,74.549,24.185,
'[16:13:07.690 24/04/1989]',69.955,69.955,22.937,
'[16:13:07.700 24/04/1989]',67.985,67.985,22.265,
'[16:13:07.710 24/04/1989]',60.108,60.108,23.513,
'[16:13:07.720 24/04/1989]',64.797,64.797,23.609,
'[16:13:07.730 24/04/1989]',57.577,57.577,20.922,
'[16:13:07.740 24/04/1989]',58.702,58.702,16.507,
'[16:13:07.750 24/04/1989]',62.64,62.64,20.25,
'[16:13:07.760 24/04/1989]',54.576,54.576,15.163,
'[16:13:07.770 24/04/1989]',54.67,54.67,15.355,
'[16:13:07.780 24/04/1989]',50.919,50.919,14.588,
'[16:13:07.790 24/04/1989]',48.574,48.574,14.492,
'[16:13:07.800 24/04/1989]',40.697,40.697,20.058,
'[16:13:07.810 24/04/1989]',36.103,36.103,11.708,
'[16:13:07.820 24/04/1989]',34.79,34.79,6.526,
'[16:13:07.830 24/04/1989]',29.07,29.07,10.845,
'[16:13:07.840 24/04/1989]',26.538,26.538,12.188,
'[16:13:07.850 24/04/1989]',17.16,17.16,12.284,
'[16:13:07.860 24/04/1989]',16.223,16.223,8.829,
'[16:13:07.870 24/04/1989]',11.065,11.065,9.501,
'[16:13:07.880 24/04/1989]',3.376,3.376,7.39,
'[16:13:07.890 24/04/1989]',3.376,3.376,5.854,
'[16:13:07.900 24/04/1989]',5.064,5.064,3.359,
'[16:13:07.910 24/04/1989]',1.125,1.125,1.44,
'[16:13:07.920 24/04/1989]',2.626,-2.626,0.576,
'[16:13:07.930 24/04/1989]',5.814,-5.814,11.612,
'[16:13:07.940 24/04/1989]',8.346,-8.346,-4.031,
'[16:13:07.950 24/04/1989]',10.127,-10.127,-2.207,
'[16:13:07.960 24/04/1989]',13.785,-13.785,-1.727,
'[16:13:07.970 24/04/1989]',16.973,-16.973,-6.142,
'[16:13:07.980 24/04/1989]',18.286,-18.286,-5.662,
'[16:13:07.990 24/04/1989]',18.661,-18.661,-7.774,
'[16:13:08.000 24/04/1989]',18.098,-18.098,-9.117,
'[16:13:08.010 24/04/1989]',17.536,-17.536,-5.662,
'[16:13:08.020 24/04/1989]',30.664,-30.664,-4.511,
'[16:13:08.030 24/04/1989]',35.352,-35.352,-5.47,
'[16:13:08.040 24/04/1989]',42.292,-42.292,-2.783,
'[16:13:08.050 24/04/1989]',40.979,-40.979,-4.895,
'[16:13:08.060 24/04/1989]',44.261,-44.261,-6.142,
'[16:13:08.070 24/04/1989]',40.041,-40.041,-7.87,
'[16:13:08.080 24/04/1989]',49.606,-49.606,-5.47,
'[16:13:08.090 24/04/1989]',48.856,-48.856,-12.188,
'[16:13:08.100 24/04/1989]',60.39,-60.39,-11.037,
'[16:13:08.110 24/04/1989]',54.67,-54.67,-3.551,
'[16:13:08.120 24/04/1989]',67.61,-67.61,-10.077,
'[16:13:08.130 24/04/1989]',61.796,-61.796,-10.173,
'[16:13:08.140 24/04/1989]',62.64,-62.64,-4.99,
'[16:13:08.150 24/04/1989]',62.828,-62.828,-9.117,
'[16:13:08.160 24/04/1989]',61.327,-61.327,-10.557,
'[16:13:08.170 24/04/1989]',58.421,-58.421,-11.9,
'[16:13:08.180 24/04/1989]',58.702,-58.702,-8.637,
'[16:13:08.190 24/04/1989]',61.234,-61.234,-10.173,
'[16:13:08.200 24/04/1989]',57.108,-57.108,-9.693,
'[16:13:08.210 24/04/1989]',55.795,-55.795,-7.582,
'[16:13:08.220 24/04/1989]',55.326,-55.326,-6.238,
'[16:13:08.230 24/04/1989]',55.138,-55.138,0.096,
'[16:13:08.240 24/04/1989]',56.264,-56.264,-7.198,
'[16:13:08.250 24/04/1989]',55.982,-55.982,-0.48,
'[16:13:08.260 24/04/1989]',53.451,-53.451,-4.703,
'[16:13:08.270 24/04/1989]',50.919,-50.919,-7.774,
'[16:13:08.280 24/04/1989]',51.388,-51.388,-7.294,
'[16:13:08.290 24/04/1989]',44.542,-44.542,-8.733,
'[16:13:08.300 24/04/1989]',44.448,-44.448,-10.749,
'[16:13:08.310 24/04/1989]',46.699,-46.699,-8.158,
'[16:13:08.320 24/04/1989]',44.636,-44.636,-8.925,
'[16:13:08.330 24/04/1989]',51.669,-51.669,-4.703,
'[16:13:08.340 24/04/1989]',47.262,-47.262,-6.238,
'[16:13:08.350 24/04/1989]',50.075,-50.075,-9.213,
'[16:13:08.360 24/04/1989]',45.574,-45.574,-8.637,
'[16:13:08.370 24/04/1989]',51.95,-51.95,-12.956,
'[16:13:08.380 24/04/1989]',45.48,-45.48,-13.052,
'[16:13:08.390 24/04/1989]',49.043,-49.043,-9.501,
'[16:13:08.400 24/04/1989]',45.011,-45.011,-13.148,
'[16:13:08.410 24/04/1989]',49.418,-49.418,-10.365,
'[16:13:08.420 24/04/1989]',48.574,-48.574,-14.3,
'[16:13:08.430 24/04/1989]',28.507,-28.507,-14.396,
'[16:13:08.440 24/04/1989]',61.515,-61.515,-13.82,
'[16:13:08.450 24/04/1989]',62.078,-62.078,-15.931,
'[16:13:08.460 24/04/1989]',71.924,-71.924,-14.3,
'[16:13:08.470 24/04/1989]',86.271,-86.271,-10.269,
'[16:13:08.480 24/04/1989]',87.678,-87.678,-13.052,
'[16:13:08.490 24/04/1989]',77.55,-77.55,-13.916,
'[16:13:08.500 24/04/1989]',81.395,-81.395,-15.067,
'[16:13:08.510 24/04/1989]',76.331,-76.331,-15.355,
'[16:13:08.520 24/04/1989]',74.362,-74.362,-15.931,
'[16:13:08.530 24/04/1989]',76.237,-76.237,-14.012,
'[16:13:08.540 24/04/1989]',78.769,-78.769,-17.947,
'[16:13:08.550 24/04/1989]',74.456,-74.456,-12.764,
'[16:13:08.560 24/04/1989]',67.516,-67.516,-11.996,
'[16:13:08.570 24/04/1989]',75.581,-75.581,-13.532,
'[16:13:08.580 24/04/1989]',76.8,-76.8,-6.91,
'[16:13:08.590 24/04/1989]',75.487,-75.487,-4.799,
'[16:13:08.600 24/04/1989]',75.3,-75.3,-7.582,
'[16:13:08.610 24/04/1989]',74.737,-74.737,-9.501,
'[16:13:08.620 24/04/1989]',75.018,-75.018,-2.783,
'[16:13:08.630 24/04/1989]',69.111,-69.111,-3.263,
'[16:13:08.640 24/04/1989]',68.36,-68.36,-7.774,
'[16:13:08.650 24/04/1989]',71.549,-71.549,-6.334,
'[16:13:08.660 24/04/1989]',69.298,-69.298,-8.445,
'[16:13:08.670 24/04/1989]',69.392,-69.392,-8.829,
'[16:13:08.680 24/04/1989]',66.954,-66.954,-0.672,
'[16:13:08.690 24/04/1989]',72.111,-72.111,-6.238,
'[16:13:08.700 24/04/1989]',53.919,-53.919,-3.167,
'[16:13:08.710 24/04/1989]',85.333,-85.333,-3.551,
'[16:13:08.720 24/04/1989]',78.488,-78.488,-7.87,
'[16:13:08.730 24/04/1989]',102.963,-102.963,-12.092,
'[16:13:08.740 24/04/1989]',114.497,-114.497,-11.612,
'[16:13:08.750 24/04/1989]',114.59,-114.59,-2.879,
'[16:13:08.760 24/04/1989]',113.09,-113.09,-4.415,
'[16:13:08.770 24/04/1989]',111.684,-111.684,-1.919,
'[16:13:08.780 24/04/1989]',110.371,-110.371,-6.814,
'[16:13:08.790 24/04/1989]',107.37,-107.37,-3.263,
'[16:13:08.800 24/04/1989]',105.495,-105.495,-4.511,
'[16:13:08.810 24/04/1989]',102.963,-102.963,-0.192,
'[16:13:08.820 24/04/1989]',99.774,-99.774,-5.182,
'[16:13:08.830 24/04/1989]',97.711,-97.711,-2.591,
'[16:13:08.840 24/04/1989]',93.585,-93.585,-3.647,
'[16:13:08.850 24/04/1989]',91.804,-91.804,-3.359,
'[16:13:08.860 24/04/1989]',84.583,-84.583,-5.086,
'[16:13:08.870 24/04/1989]',78.488,-78.488,-5.086,
'[16:13:08.880 24/04/1989]',69.673,-69.673,-8.829,
'[16:13:08.890 24/04/1989]',65.829,-65.829,-13.532,
'[16:13:08.900 24/04/1989]',65.547,-65.547,-12.86,
'[16:13:08.910 24/04/1989]',57.108,-57.108,-17.755,
'[16:13:08.920 24/04/1989]',51.763,-51.763,-16.411,
'[16:13:08.930 24/04/1989]',48.105,-48.105,-11.612,
'[16:13:08.940 24/04/1989]',48.762,-48.762,-8.637,
'[16:13:08.950 24/04/1989]',50.825,-50.825,7.39,
'[16:13:08.960 24/04/1989]',48.387,-48.387,7.582,
'[16:13:08.970 24/04/1989]',39.76,-39.76,7.966,
'[16:13:08.980 24/04/1989]',34.508,-34.508,2.687,
'[16:13:08.990 24/04/1989]',31.789,-31.789,-2.687,
'[16:13:09.000 24/04/1989]',22.13,-22.13,-0.768,
'[16:13:09.010 24/04/1989]',20.255,-20.255,-0.672,
'[16:13:09.020 24/04/1989]',13.597,-13.597,0.576,
'[16:13:09.030 24/04/1989]',6.939,-6.939,4.415,
'[16:13:09.040 24/04/1989]',4.782,-4.782,4.415,
'[16:13:09.050 24/04/1989]',0.375,-0.375,2.207,
'[16:13:09.060 24/04/1989]',1.125,1.125,3.455,
'[16:13:09.070 24/04/1989]',21.849,21.849,5.086,
'[16:13:09.080 24/04/1989]',6.189,6.189,3.551,
'[16:13:09.090 24/04/1989]',13.972,13.972,5.374,
'[16:13:09.100 24/04/1989]',14.347,14.347,5.47,
'[16:13:09.110 24/04/1989]',15.379,15.379,10.845,
'[16:13:09.120 24/04/1989]',16.692,16.692,11.229,
'[16:13:09.130 24/04/1989]',28.788,28.788,2.879,
'[16:13:09.140 24/04/1989]',22.318,22.318,8.158,
'[16:13:09.150 24/04/1989]',40.604,40.604,6.238,
'[16:13:09.160 24/04/1989]',6.283,6.283,8.062,
'[16:13:09.170 24/04/1989]',10.878,10.878,14.204,
'[16:13:09.180 24/04/1989]',9.846,9.846,13.148,
'[16:13:09.190 24/04/1989]',8.627,8.627,12.764,
'[16:13:09.200 24/04/1989]',12.941,12.941,12.86,
'[16:13:09.210 24/04/1989]',12.847,12.847,21.593,
'[16:13:09.220 24/04/1989]',14.347,14.347,15.163,
'[16:13:09.230 24/04/1989]',12.19,12.19,12.86,
'[16:13:09.240 24/04/1989]',35.727,35.727,7.39,
'[16:13:09.250 24/04/1989]',35.634,35.634,6.046,
'[16:13:09.260 24/04/1989]',35.352,35.352,2.015,
'[16:13:09.270 24/04/1989]',46.605,46.605,-0.288,
'[16:13:09.280 24/04/1989]',46.98,46.98,-6.622,
'[16:13:09.290 24/04/1989]',42.76,42.76,-3.647,
'[16:13:09.300 24/04/1989]',43.886,43.886,-3.935,
'[16:13:09.310 24/04/1989]',41.448,41.448,5.662,
'[16:13:09.320 24/04/1989]',39.197,39.197,7.486,
'[16:13:09.330 24/04/1989]',40.416,40.416,12.572,
'[16:13:09.340 24/04/1989]',39.76,39.76,22.937,
'[16:13:09.350 24/04/1989]',37.415,37.415,15.451,
'[16:13:09.360 24/04/1989]',41.166,41.166,13.34,
'[16:13:09.370 24/04/1989]',41.823,41.823,5.278,
'[16:13:09.380 24/04/1989]',46.418,46.418,1.823,
'[16:13:09.390 24/04/1989]',46.418,46.418,-1.344,
'[16:13:09.400 24/04/1989]',31.883,31.883,2.111,
'[16:13:09.410 24/04/1989]',44.448,44.448,-0.192,
'[16:13:09.420 24/04/1989]',37.509,37.509,1.919,
'[16:13:09.430 24/04/1989]',28.413,28.413,10.365,
'[16:13:09.440 24/04/1989]',33.852,33.852,9.885,
'[16:13:09.450 24/04/1989]',31.133,31.133,11.996,
'[16:13:09.460 24/04/1989]',34.415,34.415,10.749,
'[16:13:09.470 24/04/1989]',30.664,30.664,9.309,
'[16:13:09.480 24/04/1989]',24.85,24.85,12.956,
'[16:13:09.490 24/04/1989]',16.785,16.785,11.996,
'[16:13:09.500 24/04/1989]',17.723,17.723,15.547,
'[16:13:09.510 24/04/1989]',23.256,23.256,14.204,
'[16:13:09.520 24/04/1989]',22.787,22.787,13.82,
'[16:13:09.530 24/04/1989]',21.755,21.755,8.829,
'[16:13:09.540 24/04/1989]',20.724,20.724,4.031,
'[16:13:09.550 24/04/1989]',23.256,23.256,2.495,
'[16:13:09.560 24/04/1989]',18.098,18.098,-2.591,
'[16:13:09.570 24/04/1989]',17.348,17.348,-2.111,
'[16:13:09.580 24/04/1989]',16.879,16.879,5.374,
'[16:13:09.590 24/04/1989]',21.849,21.849,6.814,
'[16:13:09.600 24/04/1989]',19.974,19.974,6.43,
'[16:13:09.610 24/04/1989]',26.256,26.256,14.012,
'[16:13:09.620 24/04/1989]',23.068,23.068,11.229,
'[16:13:09.630 24/04/1989]',25.131,25.131,10.845,
'[16:13:09.640 24/04/1989]',22.412,22.412,10.653,
'[16:13:09.650 24/04/1989]',27.569,27.569,6.622,
'[16:13:09.660 24/04/1989]',15.473,15.473,6.238,
'[16:13:09.670 24/04/1989]',16.785,16.785,8.062,
'[16:13:09.680 24/04/1989]',20.442,20.442,2.495,
'[16:13:09.690 24/04/1989]',19.13,19.13,7.966,
'[16:13:09.700 24/04/1989]',19.13,19.13,5.95,
'[16:13:09.710 24/04/1989]',22.037,22.037,4.703,
'[16:13:09.720 24/04/1989]',27.194,27.194,5.47,
'[16:13:09.730 24/04/1989]',24.662,24.662,1.823,
'[16:13:09.740 24/04/1989]',21.005,21.005,2.207,
'[16:13:09.750 24/04/1989]',20.818,20.818,3.551,
'[16:13:09.760 24/04/1989]',17.348,17.348,5.95,
'[16:13:09.770 24/04/1989]',19.786,19.786,6.142,
'[16:13:09.780 24/04/1989]',16.41,16.41,6.334,
'[16:13:09.790 24/04/1989]',22.037,22.037,7.774,
'[16:13:09.800 24/04/1989]',19.505,19.505,5.47,
'[16:13:09.810 24/04/1989]',21.568,21.568,2.783,
'[16:13:09.820 24/04/1989]',24.1,24.1,-0.48,
'[16:13:09.830 24/04/1989]',22.599,22.599,4.99,
'[16:13:09.840 24/04/1989]',21.005,21.005,1.344,
'[16:13:09.850 24/04/1989]',23.631,23.631,1.056,
'[16:13:09.860 24/04/1989]',26.069,26.069,-2.303,
'[16:13:09.870 24/04/1989]',23.537,23.537,-2.879,
'[16:13:09.880 24/04/1989]',24.944,24.944,-1.44,
'[16:13:09.890 24/04/1989]',37.134,37.134,-5.758,
'[16:13:09.900 24/04/1989]',34.321,34.321,-1.536,
'[16:13:09.910 24/04/1989]',38.634,38.634,-1.248,
'[16:13:09.920 24/04/1989]',15.191,15.191,-3.455,
'[16:13:09.930 24/04/1989]',32.821,32.821,-5.086,
'[16:13:09.940 24/04/1989]',30.101,30.101,-6.622,
'[16:13:09.950 24/04/1989]',18.942,18.942,-5.182,
'[16:13:09.960 24/04/1989]',26.256,26.256,-1.919,
'[16:13:09.970 24/04/1989]',30.664,30.664,-6.142,
'[16:13:09.980 24/04/1989]',27.944,27.944,-5.854,
'[16:13:09.990 24/04/1989]',37.79,37.79,-3.359,
