'Time and date','EEG Fpz-Cz','EEG Pz-Oz','EOG horizontal','Resp oro-nasal','EMG submental','Temp rectal','Event marker'
'hh:mm:ss.mmm dd/mm/yyyy','uV','uV','uV','','uV','DegC',''
'[16:13:00.000 24/04/1989]',5.064,-2.495,16.262,-482.000,3.552,37.206,920.000
'[16:13:00.010 24/04/1989]',-2.532,1.440,15.769,-482.000,3.552,37.206,920.000
'[16:13:00.020 24/04/1989]',1.407,-4.127,9.363,-482.000,3.552,37.206,920.000
'[16:13:00.030 24/04/1989]',-2.344,-2.687,1.478,-482.000,3.552,37.206,920.000
'[16:13:00.040 24/04/1989]',-5.158,-0.768,7.392,-482.000,3.552,37.206,920.000
'[16:13:00.050 24/04/1989]',-7.408,-1.440,2.464,-482.000,3.552,37.206,920.000
'[16:13:00.060 24/04/1989]',-8.252,-0.960,0.000,-482.000,3.552,37.206,920.000
'[16:13:00.070 24/04/1989]',-6.845,1.823,-0.986,-482.000,3.552,37.206,920.000
'[16:13:00.080 24/04/1989]',-3.657,-0.864,0.986,-482.000,3.552,37.206,920.000
'[16:13:00.090 24/04/1989]',-0.938,-0.864,4.928,-482.000,3.552,37.206,920.000
'[16:13:00.100 24/04/1989]',2.251,-10.653,-2.464,-482.000,3.552,37.206,920.000
'[16:13:00.110 24/04/1989]',2.063,-13.436,-5.421,-482.000,3.552,37.206,920.000
'[16:13:00.120 24/04/1989]',1.688,-10.845,-7.392,-482.000,3.552,37.206,920.000
'[16:13:00.130 24/04/1989]',-2.626,-4.319,-6.406,-482.000,3.552,37.206,920.000
'[16:13:00.140 24/04/1989]',-0.750,-3.455,-5.914,-482.000,3.552,37.206,920.000
'[16:13:00.150 24/04/1989]',1.407,-3.071,-8.378,-482.000,3.552,37.206,920.000
'[16:13:00.160 24/04/1989]',2.907,-1.632,-14.784,-482.000,3.552,37.206,920.000
'[16:13:00.170 24/04/1989]',-2.157,-8.062,-6.899,-482.000,3.552,37.206,920.000
'[16:13:00.180 24/04/1989]',0.563,-5.854,-17.741,-482.000,3.552,37.206,920.000
'[16:13:00.190 24/04/1989]',5.908,-7.486,-15.769,-482.000,3.552,37.206,920.000
'[16:13:00.200 24/04/1989]',-1.688,-3.743,-10.349,-482.000,3.552,37.206,920.000
'[16:13:00.210 24/04/1989]',-3.001,-2.015,-11.827,-482.000,3.552,37.206,920.000
'[16:13:00.220 24/04/1989]',2.907,-3.455,-7.392,-482.000,3.552,37.206,920.000
'[16:13:00.230 24/04/1989]',7.877,-10.749,-14.784,-482.000,3.552,37.206,920.000
'[16:13:00.240 24/04/1989]',3.001,-11.516,-16.262,-482.000,3.552,37.206,920.000
'[16:13:00.250 24/04/1989]',-0.938,-8.733,-13.798,-482.000,3.552,37.206,920.000
'[16:13:00.260 24/04/1989]',-1.875,-2.783,-24.640,-482.000,3.552,37.206,920.000
'[16:13:00.270 24/04/1989]',-6.658,-2.783,-20.697,-482.000,3.552,37.206,920.000
'[16:13:00.280 24/04/1989]',-7.502,-2.687,-22.669,-482.000,3.552,37.206,920.000
'[16:13:00.290 24/04/1989]',-4.782,0.576,-20.205,-482.000,3.552,37.206,920.000
'[16:13:00.300 24/04/1989]',-12.566,3.935,-21.683,-482.000,3.552,37.206,920.000
'[16:13:00.310 24/04/1989]',-9.190,-1.344,-29.075,-482.000,3.552,37.206,920.000
'[16:13:00.320 24/04/1989]',-12.284,-2.591,-24.640,-482.000,3.552,37.206,920.000
'[16:13:00.330 24/04/1989]',-8.252,-2.015,-23.161,-482.000,3.552,37.206,920.000
'[16:13:00.340 24/04/1989]',-16.316,-5.662,-20.697,-482.000,3.552,37.206,920.000
'[16:13:00.350 24/04/1989]',-21.099,-0.672,-18.233,-482.000,3.552,37.206,920.000
'[16:13:00.360 24/04/1989]',-23.631,1.536,-28.089,-482.000,3.552,37.206,920.000
'[16:13:00.370 24/04/1989]',-21.193,-0.768,-20.205,-482.000,3.552,37.206,920.000
'[16:13:00.380 24/04/1989]',-20.161,1.248,-23.161,-482.000,3.552,37.206,920.000
'[16:13:00.390 24/04/1989]',-23.725,-5.854,-16.262,-482.000,3.552,37.206,920.000
'[16:13:00.400 24/04/1989]',-26.069,0.384,-17.741,-482.000,3.552,37.206,920.000
'[16:13:00.410 24/04/1989]',-25.600,1.536,-23.161,-482.000,3.552,37.206,920.000
'[16:13:00.420 24/04/1989]',-26.069,4.319,-15.769,-482.000,3.552,37.206,920.000
'[16:13:00.430 24/04/1989]',-26.632,2.879,-20.205,-482.000,3.552,37.206,920.000
'[16:13:00.440 24/04/1989]',-22.787,-0.096,-12.813,-482.000,3.552,37.206,920.000
'[16:13:00.450 24/04/1989]',-22.412,2.879,-16.262,-482.000,3.552,37.206,920.000
'[16:13:00.460 24/04/1989]',-21.474,5.374,-16.262,-482.000,3.552,37.206,920.000
'[16:13:00.470 24/04/1989]',-16.598,1.152,-9.363,-482.000,3.552,37.206,920.000
'[16:13:00.480 24/04/1989]',-16.035,1.727,-16.262,-482.000,3.552,37.206,920.000
'[16:13:00.490 24/04/1989]',-11.347,-11.037,-23.161,-482.000,3.552,37.206,920.000
'[16:13:00.500 24/04/1989]',-11.534,-11.133,-18.233,-482.000,3.552,37.206,920.000
'[16:13:00.510 24/04/1989]',-15.379,-10.365,-8.378,-482.000,3.552,37.206,920.000
'[16:13:00.520 24/04/1989]',-15.191,-6.142,-10.842,-482.000,3.552,37.206,920.000
'[16:13:00.530 24/04/1989]',-14.441,-2.399,-9.856,-482.000,3.552,37.206,920.000
'[16:13:00.540 24/04/1989]',-16.598,-1.727,-12.320,-482.000,3.552,37.206,920.000
'[16:13:00.550 24/04/1989]',-17.067,-2.207,-4.435,-482.000,3.552,37.206,920.000
'[16:13:00.560 24/04/1989]',-12.753,3.839,-13.305,-482.000,3.552,37.206,920.000
'[16:13:00.570 24/04/1989]',-9.002,0.960,-3.942,-482.000,3.552,37.206,920.000
'[16:13:00.580 24/04/1989]',-6.095,4.607,-12.320,-482.000,3.552,37.206,920.000
'[16:13:00.590 24/04/1989]',-9.002,0.672,-1.971,-482.000,3.552,37.206,920.000
'[16:13:00.600 24/04/1989]',-7.502,0.768,0.493,-482.000,3.552,37.206,920.000
'[16:13:00.610 24/04/1989]',-8.533,-3.551,-1.478,-482.000,3.552,37.206,920.000
'[16:13:00.620 24/04/1989]',-5.439,-3.455,-5.421,-482.000,3.552,37.206,920.000
'[16:13:00.630 24/04/1989]',-2.626,-1.056,-5.421,-482.000,3.552,37.206,920.000
'[16:13:00.640 24/04/1989]',-1.875,-1.823,-12.320,-482.000,3.552,37.206,920.000
'[16:13:00.650 24/04/1989]',-5.720,4.223,1.478,-482.000,3.552,37.206,920.000
'[16:13:00.660 24/04/1989]',-5.908,7.486,9.363,-482.000,3.552,37.206,920.000
'[16:13:00.670 24/04/1989]',-4.314,3.167,4.928,-482.000,3.552,37.206,920.000
'[16:13:00.680 24/04/1989]',-5.064,5.566,7.392,-482.000,3.552,37.206,920.000
'[16:13:00.690 24/04/1989]',-5.908,2.495,6.406,-482.000,3.552,37.206,920.000
'[16:13:00.700 24/04/1989]',-3.751,0.576,7.392,-482.000,3.552,37.206,920.000
'[16:13:00.710 24/04/1989]',-0.656,-2.975,4.435,-482.000,3.552,37.206,920.000
'[16:13:00.720 24/04/1989]',-3.751,0.576,4.435,-482.000,3.552,37.206,920.000
'[16:13:00.730 24/04/1989]',-4.970,-0.960,3.450,-482.000,3.552,37.206,920.000
'[16:13:00.740 24/04/1989]',-2.907,3.359,15.277,-482.000,3.552,37.206,920.000
'[16:13:00.750 24/04/1989]',-1.500,3.743,11.334,-482.000,3.552,37.206,920.000
'[16:13:00.760 24/04/1989]',-1.407,9.693,16.262,-482.000,3.552,37.206,920.000
'[16:13:00.770 24/04/1989]',-3.188,8.158,7.885,-482.000,3.552,37.206,920.000
'[16:13:00.780 24/04/1989]',-0.563,6.334,11.827,-482.000,3.552,37.206,920.000
'[16:13:00.790 24/04/1989]',-4.314,0.288,16.262,-482.000,3.552,37.206,920.000
'[16:13:00.800 24/04/1989]',-3.563,5.182,13.798,-482.000,3.552,37.206,920.000
'[16:13:00.810 24/04/1989]',-2.438,1.056,16.755,-482.000,3.552,37.206,920.000
'[16:13:00.820 24/04/1989]',-0.281,5.854,14.784,-482.000,3.552,37.206,920.000
'[16:13:00.830 24/04/1989]',-0.844,3.935,16.755,-482.000,3.552,37.206,920.000
'[16:13:00.840 24/04/1989]',-1.313,13.820,25.133,-482.000,3.552,37.206,920.000
'[16:13:00.850 24/04/1989]',-8.815,15.067,18.233,-482.000,3.552,37.206,920.000
'[16:13:00.860 24/04/1989]',-10.409,18.330,17.741,-482.000,3.552,37.206,920.000
'[16:13:00.870 24/04/1989]',-7.127,10.077,23.654,-482.000,3.552,37.206,920.000
'[16:13:00.880 24/04/1989]',-6.095,8.637,22.669,-482.000,3.552,37.206,920.000
'[16:13:00.890 24/04/1989]',-5.251,3.551,17.741,-482.000,3.552,37.206,920.000
'[16:13:00.900 24/04/1989]',-5.251,-1.536,7.885,-482.000,3.552,37.206,920.000
'[16:13:00.910 24/04/1989]',-6.001,-0.672,13.798,-482.000,3.552,37.206,920.000
'[16:13:00.920 24/04/1989]',-1.125,2.591,35.481,-482.000,3.552,37.206,920.000
'[16:13:00.930 24/04/1989]',3.657,7.774,29.568,-482.000,3.552,37.206,920.000
'[16:13:00.940 24/04/1989]',3.001,12.956,21.683,-482.000,3.552,37.206,920.000
'[16:13:00.950 24/04/1989]',-7.783,10.845,28.089,-482.000,3.552,37.206,920.000
'[16:13:00.960 24/04/1989]',-26.538,12.956,30.553,-482.000,3.552,37.206,920.000
'[16:13:00.970 24/04/1989]',-14.347,9.309,26.611,-482.000,3.552,37.206,920.000
'[16:13:00.980 24/04/1989]',-49.137,8.925,15.769,-482.000,3.552,37.206,920.000
'[16:13:00.990 24/04/1989]',-63.766,2.111,27.597,-482.000,3.552,37.206,920.000
'[16:13:01.000 24/04/1989]',-63.953,4.223,10.349,628.000,3.490,37.228,899.000
'[16:13:01.010 24/04/1989]',-63.859,0.960,-7.885,628.000,3.490,37.228,899.000
'[16:13:01.020 24/04/1989]',-62.922,1.632,-1.478,628.000,3.490,37.228,899.000
'[16:13:01.030 24/04/1989]',-61.327,2.975,-8.870,628.000,3.490,37.228,899.000
'[16:13:01.040 24/04/1989]',-59.452,3.935,-14.784,628.000,3.490,37.228,899.000
'[16:13:01.050 24/04/1989]',-56.264,8.541,-25.625,628.000,3.490,37.228,899.000
'[16:13:01.060 24/04/1989]',-50.637,8.541,-42.380,628.000,3.490,37.228,899.000
'[16:13:01.070 24/04/1989]',-48.949,7.774,-60.614,628.000,3.490,37.228,899.000
'[16:13:01.080 24/04/1989]',-36.009,-2.879,-71.948,628.000,3.490,37.228,899.000
'[16:13:01.090 24/04/1989]',-36.290,-5.182,-93.631,628.000,3.490,37.228,899.000
'[16:13:01.100 24/04/1989]',-25.788,-3.167,-111.865,628.000,3.490,37.228,899.000
'[16:13:01.110 24/04/1989]',-17.536,1.056,-118.271,628.000,3.490,37.228,899.000
'[16:13:01.120 24/04/1989]',-5.533,8.925,-130.098,628.000,3.490,37.228,899.000
'[16:13:01.130 24/04/1989]',-3.470,9.213,-133.055,628.000,3.490,37.228,899.000
'[16:13:01.140 24/04/1989]',9.190,9.405,-148.332,628.000,3.490,37.228,899.000
'[16:13:01.150 24/04/1989]',16.410,4.990,-145.868,628.000,3.490,37.228,899.000
'[16:13:01.160 24/04/1989]',25.412,4.415,-137.490,628.000,3.490,37.228,899.000
'[16:13:01.170 24/04/1989]',31.226,-4.223,-132.562,628.000,3.490,37.228,899.000
'[16:13:01.180 24/04/1989]',31.977,-8.637,-135.026,628.000,3.490,37.228,899.000
'[16:13:01.190 24/04/1989]',29.351,-5.374,-126.649,628.000,3.490,37.228,899.000
'[16:13:01.200 24/04/1989]',31.601,0.000,-123.199,628.000,3.490,37.228,899.000
'[16:13:01.210 24/04/1989]',33.664,3.647,-120.242,628.000,3.490,37.228,899.000
'[16:13:01.220 24/04/1989]',38.541,9.597,-116.793,628.000,3.490,37.228,899.000
'[16:13:01.230 24/04/1989]',37.415,15.547,-110.386,628.000,3.490,37.228,899.000
'[16:13:01.240 24/04/1989]',35.915,15.355,-102.009,628.000,3.490,37.228,899.000
'[16:13:01.250 24/04/1989]',35.540,20.538,-99.052,628.000,3.490,37.228,899.000
'[16:13:01.260 24/04/1989]',36.571,13.628,-95.110,628.000,3.490,37.228,899.000
'[16:13:01.270 24/04/1989]',33.664,14.012,-99.052,628.000,3.490,37.228,899.000
'[16:13:01.280 24/04/1989]',34.790,7.390,-85.254,628.000,3.490,37.228,899.000
'[16:13:01.290 24/04/1989]',38.447,2.591,-84.761,628.000,3.490,37.228,899.000
'[16:13:01.300 24/04/1989]',44.542,4.223,-87.225,628.000,3.490,37.228,899.000
'[16:13:01.310 24/04/1989]',12.003,10.173,-75.891,628.000,3.490,37.228,899.000
'[16:13:01.320 24/04/1989]',30.570,10.941,-91.167,628.000,3.490,37.228,899.000
'[16:13:01.330 24/04/1989]',30.851,9.501,-94.124,628.000,3.490,37.228,899.000
'[16:13:01.340 24/04/1989]',33.289,12.476,-91.167,628.000,3.490,37.228,899.000
'[16:13:01.350 24/04/1989]',29.820,11.804,-95.110,628.000,3.490,37.228,899.000
'[16:13:01.360 24/04/1989]',30.851,3.839,-91.660,628.000,3.490,37.228,899.000
'[16:13:01.370 24/04/1989]',24.662,10.653,-82.297,628.000,3.490,37.228,899.000
'[16:13:01.380 24/04/1989]',19.317,11.325,-82.790,628.000,3.490,37.228,899.000
'[16:13:01.390 24/04/1989]',18.473,6.142,-82.790,628.000,3.490,37.228,899.000
'[16:13:01.400 24/04/1989]',19.974,11.325,-78.847,628.000,3.490,37.228,899.000
'[16:13:01.410 24/04/1989]',17.723,15.451,-73.427,628.000,3.490,37.228,899.000
'[16:13:01.420 24/04/1989]',20.724,16.603,-75.891,628.000,3.490,37.228,899.000
'[16:13:01.430 24/04/1989]',25.319,11.708,-62.585,628.000,3.490,37.228,899.000
'[16:13:01.440 24/04/1989]',-6.377,10.173,-64.063,628.000,3.490,37.228,899.000
'[16:13:01.450 24/04/1989]',-7.408,9.885,-65.049,628.000,3.490,37.228,899.000
'[16:13:01.460 24/04/1989]',-16.785,9.789,-73.427,628.000,3.490,37.228,899.000
'[16:13:01.470 24/04/1989]',-38.447,5.086,-33.510,628.000,3.490,37.228,899.000
'[16:13:01.480 24/04/1989]',-47.449,0.960,-25.133,628.000,3.490,37.228,899.000
'[16:13:01.490 24/04/1989]',-47.824,1.919,11.334,628.000,3.490,37.228,899.000
'[16:13:01.500 24/04/1989]',-48.012,4.511,43.366,628.000,3.490,37.228,899.000
'[16:13:01.510 24/04/1989]',-47.449,5.374,40.902,628.000,3.490,37.228,899.000
'[16:13:01.520 24/04/1989]',-43.323,2.975,42.380,628.000,3.490,37.228,899.000
'[16:13:01.530 24/04/1989]',-35.727,6.142,37.945,628.000,3.490,37.228,899.000
'[16:13:01.540 24/04/1989]',-23.068,8.158,34.003,628.000,3.490,37.228,899.000
'[16:13:01.550 24/04/1989]',-15.566,8.541,42.873,628.000,3.490,37.228,899.000
'[16:13:01.560 24/04/1989]',-6.564,9.693,33.017,628.000,3.490,37.228,899.000
'[16:13:01.570 24/04/1989]',4.407,4.319,39.424,628.000,3.490,37.228,899.000
'[16:13:01.580 24/04/1989]',13.785,4.319,36.960,628.000,3.490,37.228,899.000
'[16:13:01.590 24/04/1989]',16.879,3.551,46.323,628.000,3.490,37.228,899.000
'[16:13:01.600 24/04/1989]',28.882,0.000,40.409,628.000,3.490,37.228,899.000
'[16:13:01.610 24/04/1989]',36.665,-3.839,47.801,628.000,3.490,37.228,899.000
'[16:13:01.620 24/04/1989]',37.228,-0.288,38.438,628.000,3.490,37.228,899.000
'[16:13:01.630 24/04/1989]',44.448,4.799,39.424,628.000,3.490,37.228,899.000
'[16:13:01.640 24/04/1989]',41.823,4.031,35.481,628.000,3.490,37.228,899.000
'[16:13:01.650 24/04/1989]',47.262,3.263,40.409,628.000,3.490,37.228,899.000
'[16:13:01.660 24/04/1989]',47.168,6.142,34.989,628.000,3.490,37.228,899.000
'[16:13:01.670 24/04/1989]',46.699,5.566,33.510,628.000,3.490,37.228,899.000
'[16:13:01.680 24/04/1989]',45.292,8.158,35.481,628.000,3.490,37.228,899.000
'[16:13:01.690 24/04/1989]',46.793,5.854,44.844,628.000,3.490,37.228,899.000
'[16:13:01.700 24/04/1989]',45.011,3.455,47.308,628.000,3.490,37.228,899.000
'[16:13:01.710 24/04/1989]',42.479,-2.879,44.844,628.000,3.490,37.228,899.000
'[16:13:01.720 24/04/1989]',40.885,0.480,31.046,628.000,3.490,37.228,899.000
'[16:13:01.730 24/04/1989]',44.917,-0.192,46.323,628.000,3.490,37.228,899.000
'[16:13:01.740 24/04/1989]',36.384,4.127,29.075,628.000,3.490,37.228,899.000
'[16:13:01.750 24/04/1989]',33.102,0.096,35.974,628.000,3.490,37.228,899.000
'[16:13:01.760 24/04/1989]',38.166,4.607,39.424,628.000,3.490,37.228,899.000
'[16:13:01.770 24/04/1989]',29.163,5.566,29.568,628.000,3.490,37.228,899.000
'[16:13:01.780 24/04/1989]',27.007,2.111,26.611,628.000,3.490,37.228,899.000
'[16:13:01.790 24/04/1989]',27.475,5.566,16.262,628.000,3.490,37.228,899.000
'[16:13:01.800 24/04/1989]',19.974,2.783,23.654,628.000,3.490,37.228,899.000
'[16:13:01.810 24/04/1989]',21.849,3.935,18.233,628.000,3.490,37.228,899.000
'[16:13:01.820 24/04/1989]',16.973,7.486,30.553,628.000,3.490,37.228,899.000
'[16:13:01.830 24/04/1989]',16.598,10.173,25.133,628.000,3.490,37.228,899.000
'[16:13:01.840 24/04/1989]',15.473,9.213,24.640,628.000,3.490,37.228,899.000
'[16:13:01.850 24/04/1989]',10.409,11.612,26.118,628.000,3.490,37.228,899.000
'[16:13:01.860 24/04/1989]',15.754,5.662,17.248,628.000,3.490,37.228,899.000
'[16:13:01.870 24/04/1989]',13.222,3.743,28.582,628.000,3.490,37.228,899.000
'[16:13:01.880 24/04/1989]',6.752,-0.480,12.813,628.000,3.490,37.228,899.000
'[16:13:01.890 24/04/1989]',13.691,-4.415,20.697,628.000,3.490,37.228,899.000
'[16:13:01.900 24/04/1989]',12.566,-4.031,16.262,628.000,3.490,37.228,899.000
'[16:13:01.910 24/04/1989]',13.128,-2.015,23.654,628.000,3.490,37.228,899.000
'[16:13:01.920 24/04/1989]',11.159,-0.672,19.219,628.000,3.490,37.228,899.000
'[16:13:01.930 24/04/1989]',17.067,-4.127,21.190,628.000,3.490,37.228,899.000
'[16:13:01.940 24/04/1989]',12.003,-2.975,16.262,628.000,3.490,37.228,899.000
'[16:13:01.950 24/04/1989]',11.815,-2.111,20.697,628.000,3.490,37.228,899.000
'[16:13:01.960 24/04/1989]',2.438,-2.015,25.625,628.000,3.490,37.228,899.000
'[16:13:01.970 24/04/1989]',10.221,-2.303,20.205,628.000,3.490,37.228,899.000
'[16:13:01.980 24/04/1989]',6.658,-2.783,21.683,628.000,3.490,37.228,899.000
'[16:13:01.990 24/04/1989]',10.971,-4.031,21.190,628.000,3.490,37.228,899.000
'[16:13:02.000 24/04/1989]',4.501,-6.718,23.161,-95.000,3.476,37.237,919.000
'[16:13:02.010 24/04/1989]',-2.626,-8.158,20.205,-95.000,3.476,37.237,919.000
'[16:13:02.020 24/04/1989]',-0.750,-5.854,18.726,-95.000,3.476,37.237,919.000
'[16:13:02.030 24/04/1989]',-4.032,-3.743,22.669,-95.000,3.476,37.237,919.000
'[16:13:02.040 24/04/1989]',-1.500,-6.334,22.669,-95.000,3.476,37.237,919.000
'[16:13:02.050 24/04/1989]',-5.158,-4.223,16.755,-95.000,3.476,37.237,919.000
'[16:13:02.060 24/04/1989]',-2.532,-8.733,18.233,-95.000,3.476,37.237,919.000
'[16:13:02.070 24/04/1989]',-1.782,-9.117,14.291,-95.000,3.476,37.237,919.000
'[16:13:02.080 24/04/1989]',6.095,-12.476,15.277,-95.000,3.476,37.237,919.000
'[16:13:02.090 24/04/1989]',-5.814,-14.684,10.842,-95.000,3.476,37.237,919.000
'[16:13:02.100 24/04/1989]',-5.439,-18.042,-35.974,-95.000,3.476,37.237,919.000
'[16:13:02.110 24/04/1989]',-7.127,-14.779,-47.801,-95.000,3.476,37.237,919.000
'[16:13:02.120 24/04/1989]',3.751,-15.163,-78.355,-95.000,3.476,37.237,919.000
'[16:13:02.130 24/04/1989]',-2.251,-12.092,-105.951,-95.000,3.476,37.237,919.000
'[16:13:02.140 24/04/1989]',-6.658,-13.628,-116.300,-95.000,3.476,37.237,919.000
'[16:13:02.150 24/04/1989]',-2.251,-19.770,-130.098,-95.000,3.476,37.237,919.000
'[16:13:02.160 24/04/1989]',-5.814,-18.618,-136.997,-95.000,3.476,37.237,919.000
'[16:13:02.170 24/04/1989]',-2.251,-16.315,-124.677,-95.000,3.476,37.237,919.000
'[16:13:02.180 24/04/1989]',4.314,-19.290,-130.098,-95.000,3.476,37.237,919.000
'[16:13:02.190 24/04/1989]',6.564,-17.659,-112.358,-95.000,3.476,37.237,919.000
'[16:13:02.200 24/04/1989]',3.751,-17.083,-104.473,-95.000,3.476,37.237,919.000
'[16:13:02.210 24/04/1989]',4.220,-9.597,-98.066,-95.000,3.476,37.237,919.000
'[16:13:02.220 24/04/1989]',3.657,-8.541,-85.254,-95.000,3.476,37.237,919.000
'[16:13:02.230 24/04/1989]',3.001,-8.253,-78.847,-95.000,3.476,37.237,919.000
'[16:13:02.240 24/04/1989]',1.782,-8.062,-71.455,-95.000,3.476,37.237,919.000
'[16:13:02.250 24/04/1989]',1.407,-3.167,-74.412,-95.000,3.476,37.237,919.000
'[16:13:02.260 24/04/1989]',-1.875,-10.749,-68.991,-95.000,3.476,37.237,919.000
'[16:13:02.270 24/04/1989]',-5.439,-8.733,-61.107,-95.000,3.476,37.237,919.000
'[16:13:02.280 24/04/1989]',-3.563,-2.687,-61.107,-95.000,3.476,37.237,919.000
'[16:13:02.290 24/04/1989]',-4.876,-10.269,-39.424,-95.000,3.476,37.237,919.000
'[16:13:02.300 24/04/1989]',20.630,-15.643,-50.265,-95.000,3.476,37.237,919.000
'[16:13:02.310 24/04/1989]',-26.538,2.495,-40.409,-95.000,3.476,37.237,919.000
'[16:13:02.320 24/04/1989]',-21.193,-1.440,-57.164,-95.000,3.476,37.237,919.000
'[16:13:02.330 24/04/1989]',-43.604,-14.971,-58.150,-95.000,3.476,37.237,919.000
'[16:13:02.340 24/04/1989]',-25.694,-12.380,-78.355,-95.000,3.476,37.237,919.000
'[16:13:02.350 24/04/1989]',-58.889,-13.532,-71.948,-95.000,3.476,37.237,919.000
'[16:13:02.360 24/04/1989]',-65.360,-13.436,-76.876,-95.000,3.476,37.237,919.000
'[16:13:02.370 24/04/1989]',-67.798,-15.931,-68.006,-95.000,3.476,37.237,919.000
'[16:13:02.380 24/04/1989]',-58.045,-18.426,-78.847,-95.000,3.476,37.237,919.000
'[16:13:02.390 24/04/1989]',-41.635,-20.730,-69.484,-95.000,3.476,37.237,919.000
'[16:13:02.400 24/04/1989]',-68.454,-12.284,-60.121,-95.000,3.476,37.237,919.000
'[16:13:02.410 24/04/1989]',-58.514,-17.755,-43.366,-95.000,3.476,37.237,919.000
'[16:13:02.420 24/04/1989]',-73.705,-18.810,-46.816,-95.000,3.476,37.237,919.000
'[16:13:02.430 24/04/1989]',-47.824,-22.745,-24.147,-95.000,3.476,37.237,919.000
'[16:13:02.440 24/04/1989]',-55.138,-4.895,-20.697,-95.000,3.476,37.237,919.000
'[16:13:02.450 24/04/1989]',-50.168,-19.098,-8.378,-95.000,3.476,37.237,919.000
'[16:13:02.460 24/04/1989]',-45.386,-10.845,6.406,-95.000,3.476,37.237,919.000
'[16:13:02.470 24/04/1989]',-38.166,-9.597,30.061,-95.000,3.476,37.237,919.000
'[16:13:02.480 24/04/1989]',-34.321,-3.743,34.496,-95.000,3.476,37.237,919.000
'[16:13:02.490 24/04/1989]',-23.537,-10.461,39.424,-95.000,3.476,37.237,919.000
'[16:13:02.500 24/04/1989]',-10.127,-6.430,59.628,-95.000,3.476,37.237,919.000
'[16:13:02.510 24/04/1989]',-21.380,-6.238,69.484,-95.000,3.476,37.237,919.000
'[16:13:02.520 24/04/1989]',-17.536,-13.724,81.311,-95.000,3.476,37.237,919.000
'[16:13:02.530 24/04/1989]',-10.127,-12.476,92.646,-95.000,3.476,37.237,919.000
'[16:13:02.540 24/04/1989]',-15.754,-9.309,89.689,-95.000,3.476,37.237,919.000
'[16:13:02.550 24/04/1989]',-11.440,-4.511,101.516,-95.000,3.476,37.237,919.000
'[16:13:02.560 24/04/1989]',-3.376,-10.845,119.257,-95.000,3.476,37.237,919.000
'[16:13:02.570 24/04/1989]',7.502,-6.046,119.749,-95.000,3.476,37.237,919.000
'[16:13:02.580 24/04/1989]',-33.946,-11.421,122.706,-95.000,3.476,37.237,919.000
'[16:13:02.590 24/04/1989]',-12.659,-13.916,107.922,-95.000,3.476,37.237,919.000
'[16:13:02.600 24/04/1989]',-17.911,-16.315,128.620,-95.000,3.476,37.237,919.000
'[16:13:02.610 24/04/1989]',-20.630,-10.653,136.505,-95.000,3.476,37.237,919.000
'[16:13:02.620 24/04/1989]',-18.755,-11.037,140.940,-95.000,3.476,37.237,919.000
'[16:13:02.630 24/04/1989]',-15.848,-6.142,138.968,-95.000,3.476,37.237,919.000
'[16:13:02.640 24/04/1989]',-33.758,-4.703,158.680,-95.000,3.476,37.237,919.000
'[16:13:02.650 24/04/1989]',-49.325,-9.213,136.012,-95.000,3.476,37.237,919.000
'[16:13:02.660 24/04/1989]',-49.700,-1.248,148.332,-95.000,3.476,37.237,919.000
'[16:13:02.670 24/04/1989]',-55.045,0.384,144.389,-95.000,3.476,37.237,919.000
'[16:13:02.680 24/04/1989]',-53.732,4.319,141.432,-95.000,3.476,37.237,919.000
'[16:13:02.690 24/04/1989]',-51.200,-0.576,136.997,-95.000,3.476,37.237,919.000
'[16:13:02.700 24/04/1989]',-45.574,1.152,162.130,-95.000,3.476,37.237,919.000
'[16:13:02.710 24/04/1989]',-32.352,-3.071,148.824,-95.000,3.476,37.237,919.000
'[16:13:02.720 24/04/1989]',-25.037,-2.975,165.087,-95.000,3.476,37.237,919.000
'[16:13:02.730 24/04/1989]',-22.787,-5.086,164.101,-95.000,3.476,37.237,919.000
'[16:13:02.740 24/04/1989]',0.000,-3.167,191.205,-95.000,3.476,37.237,919.000
'[16:13:02.750 24/04/1989]',9.190,-2.783,201.554,-95.000,3.476,37.237,919.000
'[16:13:02.760 24/04/1989]',17.442,-1.440,192.683,-95.000,3.476,37.237,919.000
'[16:13:02.770 24/04/1989]',24.287,-6.238,201.061,-95.000,3.476,37.237,919.000
'[16:13:02.780 24/04/1989]',32.633,-10.845,206.974,-95.000,3.476,37.237,919.000
'[16:13:02.790 24/04/1989]',34.884,-15.163,190.219,-95.000,3.476,37.237,919.000
'[16:13:02.800 24/04/1989]',43.979,-4.990,211.410,-95.000,3.476,37.237,919.000
'[16:13:02.810 24/04/1989]',47.074,-4.031,209.438,-95.000,3.476,37.237,919.000
'[16:13:02.820 24/04/1989]',46.230,11.229,222.251,-95.000,3.476,37.237,919.000
'[16:13:02.830 24/04/1989]',40.885,-0.576,217.323,-95.000,3.476,37.237,919.000
'[16:13:02.840 24/04/1989]',45.855,0.768,224.222,-95.000,3.476,37.237,919.000
'[16:13:02.850 24/04/1989]',45.574,-2.111,206.482,-95.000,3.476,37.237,919.000
'[16:13:02.860 24/04/1989]',17.160,0.480,214.859,-95.000,3.476,37.237,919.000
'[16:13:02.870 24/04/1989]',-2.532,0.864,195.640,-95.000,3.476,37.237,919.000
'[16:13:02.880 24/04/1989]',-11.065,2.783,209.438,-95.000,3.476,37.237,919.000
'[16:13:02.890 24/04/1989]',-25.412,-0.480,205.989,-95.000,3.476,37.237,919.000
'[16:13:02.900 24/04/1989]',-40.416,0.960,212.395,-95.000,3.476,37.237,919.000
'[16:13:02.910 24/04/1989]',-45.292,-2.303,183.813,-95.000,3.476,37.237,919.000
'[16:13:02.920 24/04/1989]',-38.634,-1.823,188.741,-95.000,3.476,37.237,919.000
'[16:13:02.930 24/04/1989]',-35.915,1.536,184.799,-95.000,3.476,37.237,919.000
'[16:13:02.940 24/04/1989]',-28.226,-3.839,182.335,-95.000,3.476,37.237,919.000
'[16:13:02.950 24/04/1989]',-4.407,-3.359,175.435,-95.000,3.476,37.237,919.000
'[16:13:02.960 24/04/1989]',11.440,-6.046,189.234,-95.000,3.476,37.237,919.000
'[16:13:02.970 24/04/1989]',26.069,-4.895,190.219,-95.000,3.476,37.237,919.000
'[16:13:02.980 24/04/1989]',42.292,-2.399,190.712,-95.000,3.476,37.237,919.000
'[16:13:02.990 24/04/1989]',44.730,-1.344,171.986,-95.000,3.476,37.237,919.000
'[16:13:03.000 24/04/1989]',53.169,-5.086,171.986,-663.000,3.642,37.224,912.000
'[16:13:03.010 24/04/1989]',58.889,-6.622,175.928,-663.000,3.642,37.224,912.000
'[16:13:03.020 24/04/1989]',63.766,-11.037,165.579,-663.000,3.642,37.224,912.000
'[16:13:03.030 24/04/1989]',63.953,-10.749,155.231,-663.000,3.642,37.224,912.000
'[16:13:03.040 24/04/1989]',63.953,-3.071,157.202,-663.000,3.642,37.224,912.000
'[16:13:03.050 24/04/1989]',61.703,-2.687,156.216,-663.000,3.642,37.224,912.000
'[16:13:03.060 24/04/1989]',58.983,-1.823,163.116,-663.000,3.642,37.224,912.000
'[16:13:03.070 24/04/1989]',54.201,3.935,149.317,-663.000,3.642,37.224,912.000
'[16:13:03.080 24/04/1989]',52.982,-1.823,148.824,-663.000,3.642,37.224,912.000
'[16:13:03.090 24/04/1989]',44.448,-5.182,146.360,-663.000,3.642,37.224,912.000
'[16:13:03.100 24/04/1989]',29.351,-3.743,140.447,-663.000,3.642,37.224,912.000
'[16:13:03.110 24/04/1989]',7.127,-1.248,140.447,-663.000,3.642,37.224,912.000
'[16:13:03.120 24/04/1989]',-21.568,1.344,128.620,-663.000,3.642,37.224,912.000
'[16:13:03.130 24/04/1989]',-48.668,0.384,126.649,-663.000,3.642,37.224,912.000
'[16:13:03.140 24/04/1989]',-48.387,6.334,118.764,-663.000,3.642,37.224,912.000
'[16:13:03.150 24/04/1989]',-51.575,9.405,120.735,-663.000,3.642,37.224,912.000
'[16:13:03.160 24/04/1989]',-38.072,10.557,116.793,-663.000,3.642,37.224,912.000
'[16:13:03.170 24/04/1989]',-22.505,6.814,130.591,-663.000,3.642,37.224,912.000
'[16:13:03.180 24/04/1989]',-27.851,3.647,108.908,-663.000,3.642,37.224,912.000
'[16:13:03.190 24/04/1989]',3.001,1.152,111.865,-663.000,3.642,37.224,912.000
'[16:13:03.200 24/04/1989]',25.788,4.895,110.386,-663.000,3.642,37.224,912.000
'[16:13:03.210 24/04/1989]',37.415,2.495,105.458,-663.000,3.642,37.224,912.000
'[16:13:03.220 24/04/1989]',43.136,3.167,105.951,-663.000,3.642,37.224,912.000
'[16:13:03.230 24/04/1989]',51.481,3.551,99.052,-663.000,3.642,37.224,912.000
'[16:13:03.240 24/04/1989]',53.919,3.743,99.052,-663.000,3.642,37.224,912.000
'[16:13:03.250 24/04/1989]',53.075,0.288,121.721,-663.000,3.642,37.224,912.000
'[16:13:03.260 24/04/1989]',61.984,1.727,97.574,-663.000,3.642,37.224,912.000
'[16:13:03.270 24/04/1989]',60.296,1.248,98.559,-663.000,3.642,37.224,912.000
'[16:13:03.280 24/04/1989]',54.388,3.263,79.340,-663.000,3.642,37.224,912.000
'[16:13:03.290 24/04/1989]',44.448,-0.192,95.110,-663.000,3.642,37.224,912.000
'[16:13:03.300 24/04/1989]',45.011,6.046,69.977,-663.000,3.642,37.224,912.000
'[16:13:03.310 24/04/1989]',-18.567,6.334,121.228,-663.000,3.642,37.224,912.000
'[16:13:03.320 24/04/1989]',-40.979,2.975,140.447,-663.000,3.642,37.224,912.000
'[16:13:03.330 24/04/1989]',-36.571,1.919,166.565,-663.000,3.642,37.224,912.000
'[16:13:03.340 24/04/1989]',-50.075,10.077,187.755,-663.000,3.642,37.224,912.000
'[16:13:03.350 24/04/1989]',-41.260,5.854,190.712,-663.000,3.642,37.224,912.000
'[16:13:03.360 24/04/1989]',-23.349,8.253,224.715,-663.000,3.642,37.224,912.000
'[16:13:03.370 24/04/1989]',-12.659,11.037,214.859,-663.000,3.642,37.224,912.000
'[16:13:03.380 24/04/1989]',7.971,6.814,196.133,-663.000,3.642,37.224,912.000
'[16:13:03.390 24/04/1989]',27.194,5.758,210.424,-663.000,3.642,37.224,912.000
'[16:13:03.400 24/04/1989]',24.756,5.278,193.669,-663.000,3.642,37.224,912.000
'[16:13:03.410 24/04/1989]',40.885,2.207,197.118,-663.000,3.642,37.224,912.000
'[16:13:03.420 24/04/1989]',46.418,-2.591,195.147,-663.000,3.642,37.224,912.000
'[16:13:03.430 24/04/1989]',52.982,-4.607,159.173,-663.000,3.642,37.224,912.000
'[16:13:03.440 24/04/1989]',55.138,-3.551,151.288,-663.000,3.642,37.224,912.000
'[16:13:03.450 24/04/1989]',64.516,2.879,143.404,-663.000,3.642,37.224,912.000
'[16:13:03.460 24/04/1989]',56.639,5.854,123.692,-663.000,3.642,37.224,912.000
'[16:13:03.470 24/04/1989]',57.201,8.062,126.649,-663.000,3.642,37.224,912.000
'[16:13:03.480 24/04/1989]',49.137,8.349,108.415,-663.000,3.642,37.224,912.000
'[16:13:03.490 24/04/1989]',69.017,4.895,106.937,-663.000,3.642,37.224,912.000
'[16:13:03.500 24/04/1989]',9.377,8.925,94.617,-663.000,3.642,37.224,912.000
'[16:13:03.510 24/04/1989]',24.381,9.981,92.153,-663.000,3.642,37.224,912.000
'[16:13:03.520 24/04/1989]',25.131,13.340,108.908,-663.000,3.642,37.224,912.000
'[16:13:03.530 24/04/1989]',-9.940,9.597,121.721,-663.000,3.642,37.224,912.000
'[16:13:03.540 24/04/1989]',18.192,5.182,131.084,-663.000,3.642,37.224,912.000
'[16:13:03.550 24/04/1989]',15.004,4.799,120.242,-663.000,3.642,37.224,912.000
'[16:13:03.560 24/04/1989]',18.848,7.198,112.358,-663.000,3.642,37.224,912.000
'[16:13:03.570 24/04/1989]',12.003,9.309,90.674,-663.000,3.642,37.224,912.000
'[16:13:03.580 24/04/1989]',17.442,10.077,84.761,-663.000,3.642,37.224,912.000
'[16:13:03.590 24/04/1989]',21.286,10.365,62.585,-663.000,3.642,37.224,912.000
'[16:13:03.600 24/04/1989]',7.033,8.349,63.571,-663.000,3.642,37.224,912.000
'[16:13:03.610 24/04/1989]',6.939,6.142,53.222,-663.000,3.642,37.224,912.000
'[16:13:03.620 24/04/1989]',17.442,6.142,49.280,-663.000,3.642,37.224,912.000
'[16:13:03.630 24/04/1989]',9.940,8.445,19.219,-663.000,3.642,37.224,912.000
'[16:13:03.640 24/04/1989]',6.095,11.037,7.885,-663.000,3.642,37.224,912.000
'[16:13:03.650 24/04/1989]',9.846,10.653,0.493,-663.000,3.642,37.224,912.000
'[16:13:03.660 24/04/1989]',10.690,6.622,-14.291,-663.000,3.642,37.224,912.000
'[16:13:03.670 24/04/1989]',12.659,7.294,-10.349,-663.000,3.642,37.224,912.000
'[16:13:03.680 24/04/1989]',14.347,6.334,-27.104,-663.000,3.642,37.224,912.000
'[16:13:03.690 24/04/1989]',15.566,7.006,-30.553,-663.000,3.642,37.224,912.000
'[16:13:03.700 24/04/1989]',9.659,8.349,-13.798,-663.000,3.642,37.224,912.000
'[16:13:03.710 24/04/1989]',11.909,7.966,-23.654,-663.000,3.642,37.224,912.000
'[16:13:03.720 24/04/1989]',13.597,12.476,5.914,-663.000,3.642,37.224,912.000
'[16:13:03.730 24/04/1989]',8.627,8.541,-28.089,-663.000,3.642,37.224,912.000
'[16:13:03.740 24/04/1989]',4.595,10.269,-15.277,-663.000,3.642,37.224,912.000
'[16:13:03.750 24/04/1989]',9.565,3.839,-45.337,-663.000,3.642,37.224,912.000
'[16:13:03.760 24/04/1989]',24.287,5.662,-57.164,-663.000,3.642,37.224,912.000
'[16:13:03.770 24/04/1989]',17.629,4.415,-72.441,-663.000,3.642,37.224,912.000
'[16:13:03.780 24/04/1989]',17.723,4.319,-62.585,-663.000,3.642,37.224,912.000
'[16:13:03.790 24/04/1989]',10.596,8.349,-85.254,-663.000,3.642,37.224,912.000
'[16:13:03.800 24/04/1989]',3.470,9.981,-102.009,-663.000,3.642,37.224,912.000
'[16:13:03.810 24/04/1989]',9.284,11.037,-94.617,-663.000,3.642,37.224,912.000
'[16:13:03.820 24/04/1989]',-2.251,11.325,-109.894,-663.000,3.642,37.224,912.000
'[16:13:03.830 24/04/1989]',6.564,10.749,-117.285,-663.000,3.642,37.224,912.000
'[16:13:03.840 24/04/1989]',4.032,6.238,-137.983,-663.000,3.642,37.224,912.000
'[16:13:03.850 24/04/1989]',5.533,6.334,-122.213,-663.000,3.642,37.224,912.000
'[16:13:03.860 24/04/1989]',3.470,5.086,-142.418,-663.000,3.642,37.224,912.000
'[16:13:03.870 24/04/1989]',-2.719,7.102,-148.332,-663.000,3.642,37.224,912.000
'[16:13:03.880 24/04/1989]',-5.908,6.910,-165.579,-663.000,3.642,37.224,912.000
'[16:13:03.890 24/04/1989]',7.502,5.374,-159.173,-663.000,3.642,37.224,912.000
'[16:13:03.900 24/04/1989]',-11.440,8.445,-161.637,-663.000,3.642,37.224,912.000
'[16:13:03.910 24/04/1989]',-4.876,3.071,-188.741,-663.000,3.642,37.224,912.000
'[16:13:03.920 24/04/1989]',-13.597,2.111,-175.435,-663.000,3.642,37.224,912.000
'[16:13:03.930 24/04/1989]',-8.158,2.015,-170.015,-663.000,3.642,37.224,912.000
'[16:13:03.940 24/04/1989]',-24.475,1.823,-178.392,-663.000,3.642,37.224,912.000
'[16:13:03.950 24/04/1989]',-10.971,0.864,-173.464,-663.000,3.642,37.224,912.000
'[16:13:03.960 24/04/1989]',-11.815,0.576,-171.000,-663.000,3.642,37.224,912.000
'[16:13:03.970 24/04/1989]',-18.848,3.071,-182.827,-663.000,3.642,37.224,912.000
'[16:13:03.980 24/04/1989]',-21.568,5.278,-176.914,-663.000,3.642,37.224,912.000
'[16:13:03.990 24/04/1989]',-13.785,4.319,-176.421,-663.000,3.642,37.224,912.000
'[16:13:04.000 24/04/1989]',-25.037,3.647,-170.015,137.000,3.478,37.230,926.000
'[16:13:04.010 24/04/1989]',-38.822,2.879,-169.522,137.000,3.478,37.230,926.000
'[16:13:04.020 24/04/1989]',-58.421,0.096,-190.712,137.000,3.478,37.230,926.000
'[16:13:04.030 24/04/1989]',-65.453,-5.662,-173.464,137.000,3.478,37.230,926.000
'[16:13:04.040 24/04/1989]',-90.866,-8.637,-141.432,137.000,3.478,37.230,926.000
'[16:13:04.050 24/04/1989]',-88.615,-9.309,-160.652,137.000,3.478,37.230,926.000
'[16:13:04.060 24/04/1989]',-89.647,-5.086,-126.649,137.000,3.478,37.230,926.000
'[16:13:04.070 24/04/1989]',-88.147,-2.399,-111.865,137.000,3.478,37.230,926.000
'[16:13:04.080 24/04/1989]',-83.739,-0.384,-84.268,137.000,3.478,37.230,926.000
'[16:13:04.090 24/04/1989]',-81.020,4.799,-98.559,137.000,3.478,37.230,926.000
'[16:13:04.100 24/04/1989]',-63.578,2.687,-116.793,137.000,3.478,37.230,926.000
'[16:13:04.110 24/04/1989]',-55.420,0.672,-130.098,137.000,3.478,37.230,926.000
'[16:13:04.120 24/04/1989]',-37.978,0.192,-134.533,137.000,3.478,37.230,926.000
'[16:13:04.130 24/04/1989]',-24.193,-0.768,-127.634,137.000,3.478,37.230,926.000
'[16:13:04.140 24/04/1989]',-12.753,2.975,-147.839,137.000,3.478,37.230,926.000
'[16:13:04.150 24/04/1989]',0.375,1.632,-157.695,137.000,3.478,37.230,926.000
'[16:13:04.160 24/04/1989]',5.720,2.975,-143.404,137.000,3.478,37.230,926.000
'[16:13:04.170 24/04/1989]',10.034,1.248,-155.231,137.000,3.478,37.230,926.000
'[16:13:04.180 24/04/1989]',17.723,1.823,-153.260,137.000,3.478,37.230,926.000
'[16:13:04.190 24/04/1989]',19.880,-2.015,-164.594,137.000,3.478,37.230,926.000
'[16:13:04.200 24/04/1989]',23.443,-5.566,-166.565,137.000,3.478,37.230,926.000
'[16:13:04.210 24/04/1989]',19.505,-4.031,-165.087,137.000,3.478,37.230,926.000
'[16:13:04.220 24/04/1989]',21.849,-1.823,-159.173,137.000,3.478,37.230,926.000
'[16:13:04.230 24/04/1989]',25.694,1.440,-175.928,137.000,3.478,37.230,926.000
'[16:13:04.240 24/04/1989]',17.723,1.919,-165.579,137.000,3.478,37.230,926.000
'[16:13:04.250 24/04/1989]',16.598,-0.672,-171.000,137.000,3.478,37.230,926.000
'[16:13:04.260 24/04/1989]',9.096,2.207,-185.784,137.000,3.478,37.230,926.000
'[16:13:04.270 24/04/1989]',-1.782,2.495,-164.594,137.000,3.478,37.230,926.000
'[16:13:04.280 24/04/1989]',-17.067,0.096,-178.885,137.000,3.478,37.230,926.000
'[16:13:04.290 24/04/1989]',-32.164,-0.864,-169.522,137.000,3.478,37.230,926.000
'[16:13:04.300 24/04/1989]',-38.822,-3.167,-154.738,137.000,3.478,37.230,926.000
'[16:13:04.310 24/04/1989]',-77.738,-3.263,-174.943,137.000,3.478,37.230,926.000
'[16:13:04.320 24/04/1989]',-76.800,-4.607,-183.813,137.000,3.478,37.230,926.000
'[16:13:04.330 24/04/1989]',-74.081,-3.743,-201.554,137.000,3.478,37.230,926.000
'[16:13:04.340 24/04/1989]',-67.235,-6.334,-231.614,137.000,3.478,37.230,926.000
'[16:13:04.350 24/04/1989]',-48.856,-6.046,-231.121,137.000,3.478,37.230,926.000
'[16:13:04.360 24/04/1989]',-43.136,-3.743,-258.718,137.000,3.478,37.230,926.000
'[16:13:04.370 24/04/1989]',-26.350,-3.551,-245.412,137.000,3.478,37.230,926.000
'[16:13:04.380 24/04/1989]',5.158,-4.415,-245.905,137.000,3.478,37.230,926.000
'[16:13:04.390 24/04/1989]',19.974,-4.223,-240.484,137.000,3.478,37.230,926.000
'[16:13:04.400 24/04/1989]',24.006,-4.799,-229.150,137.000,3.478,37.230,926.000
'[16:13:04.410 24/04/1989]',36.009,-2.111,-226.193,137.000,3.478,37.230,926.000
'[16:13:04.420 24/04/1989]',47.918,-1.344,-200.568,137.000,3.478,37.230,926.000
'[16:13:04.430 24/04/1989]',51.012,-5.758,-212.395,137.000,3.478,37.230,926.000
'[16:13:04.440 24/04/1989]',50.168,-8.158,-196.626,137.000,3.478,37.230,926.000
'[16:13:04.450 24/04/1989]',54.107,-9.693,-198.104,137.000,3.478,37.230,926.000
'[16:13:04.460 24/04/1989]',57.577,-5.758,-186.770,137.000,3.478,37.230,926.000
'[16:13:04.470 24/04/1989]',54.295,-4.703,-202.539,137.000,3.478,37.230,926.000
'[16:13:04.480 24/04/1989]',55.232,-2.303,-192.683,137.000,3.478,37.230,926.000
'[16:13:04.490 24/04/1989]',51.012,-3.743,-193.176,137.000,3.478,37.230,926.000
'[16:13:04.500 24/04/1989]',47.355,0.768,-194.162,137.000,3.478,37.230,926.000
'[16:13:04.510 24/04/1989]',46.793,4.031,-171.000,137.000,3.478,37.230,926.000
'[16:13:04.520 24/04/1989]',38.541,9.981,-179.378,137.000,3.478,37.230,926.000
'[16:13:04.530 24/04/1989]',39.853,11.612,-153.260,137.000,3.478,37.230,926.000
'[16:13:04.540 24/04/1989]',36.196,6.334,-158.188,137.000,3.478,37.230,926.000
'[16:13:04.550 24/04/1989]',40.885,3.647,-173.464,137.000,3.478,37.230,926.000
'[16:13:04.560 24/04/1989]',39.197,2.975,-163.116,137.000,3.478,37.230,926.000
'[16:13:04.570 24/04/1989]',31.508,5.182,-153.260,137.000,3.478,37.230,926.000
'[16:13:04.580 24/04/1989]',34.884,2.687,-158.680,137.000,3.478,37.230,926.000
'[16:13:04.590 24/04/1989]',39.103,3.167,-159.666,137.000,3.478,37.230,926.000
'[16:13:04.600 24/04/1989]',13.878,5.278,-192.683,137.000,3.478,37.230,926.000
'[16:13:04.610 24/04/1989]',6.845,4.511,-205.003,137.000,3.478,37.230,926.000
'[16:13:04.620 24/04/1989]',-9.096,0.864,-239.992,137.000,3.478,37.230,926.000
'[16:13:04.630 24/04/1989]',-21.943,0.576,-260.196,137.000,3.478,37.230,926.000
'[16:13:04.640 24/04/1989]',-50.919,0.480,-268.574,137.000,3.478,37.230,926.000
'[16:13:04.650 24/04/1989]',-59.077,-1.440,-287.793,137.000,3.478,37.230,926.000
'[16:13:04.660 24/04/1989]',-58.233,-0.480,-291.735,137.000,3.478,37.230,926.000
'[16:13:04.670 24/04/1989]',-61.609,3.167,-288.779,137.000,3.478,37.230,926.000
'[16:13:04.680 24/04/1989]',-52.607,5.950,-288.779,137.000,3.478,37.230,926.000
'[16:13:04.690 24/04/1989]',-37.134,8.158,-285.329,137.000,3.478,37.230,926.000
'[16:13:04.700 24/04/1989]',-23.631,8.253,-279.908,137.000,3.478,37.230,926.000
'[16:13:04.710 24/04/1989]',-1.032,7.006,-279.908,137.000,3.478,37.230,926.000
'[16:13:04.720 24/04/1989]',18.942,4.511,-275.966,137.000,3.478,37.230,926.000
'[16:13:04.730 24/04/1989]',44.823,2.015,-271.038,137.000,3.478,37.230,926.000
'[16:13:04.740 24/04/1989]',55.701,-1.536,-266.110,137.000,3.478,37.230,926.000
'[16:13:04.750 24/04/1989]',63.672,4.415,-256.254,137.000,3.478,37.230,926.000
'[16:13:04.760 24/04/1989]',71.267,6.142,-251.819,137.000,3.478,37.230,926.000
'[16:13:04.770 24/04/1989]',74.456,6.718,-237.528,137.000,3.478,37.230,926.000
'[16:13:04.780 24/04/1989]',75.862,4.511,-232.107,137.000,3.478,37.230,926.000
'[16:13:04.790 24/04/1989]',73.143,2.591,-218.801,137.000,3.478,37.230,926.000
'[16:13:04.800 24/04/1989]',72.393,-1.823,-212.888,137.000,3.478,37.230,926.000
'[16:13:04.810 24/04/1989]',76.237,-3.263,-204.018,137.000,3.478,37.230,926.000
'[16:13:04.820 24/04/1989]',67.329,2.495,-185.784,137.000,3.478,37.230,926.000
'[16:13:04.830 24/04/1989]',65.172,9.981,-174.450,137.000,3.478,37.230,926.000
'[16:13:04.840 24/04/1989]',60.671,11.133,-170.507,137.000,3.478,37.230,926.000
'[16:13:04.850 24/04/1989]',59.733,9.789,-148.824,137.000,3.478,37.230,926.000
'[16:13:04.860 24/04/1989]',58.796,8.925,-136.012,137.000,3.478,37.230,926.000
'[16:13:04.870 24/04/1989]',51.950,9.597,-131.084,137.000,3.478,37.230,926.000
'[16:13:04.880 24/04/1989]',52.794,8.829,-121.228,137.000,3.478,37.230,926.000
'[16:13:04.890 24/04/1989]',69.111,7.870,-124.185,137.000,3.478,37.230,926.000
'[16:13:04.900 24/04/1989]',31.226,10.557,-128.620,137.000,3.478,37.230,926.000
'[16:13:04.910 24/04/1989]',50.356,6.814,-111.865,137.000,3.478,37.230,926.000
'[16:13:04.920 24/04/1989]',45.667,7.294,-92.153,137.000,3.478,37.230,926.000
'[16:13:04.930 24/04/1989]',47.355,2.687,-108.415,137.000,3.478,37.230,926.000
'[16:13:04.940 24/04/1989]',41.823,6.526,-88.703,137.000,3.478,37.230,926.000
'[16:13:04.950 24/04/1989]',40.416,4.895,-62.585,137.000,3.478,37.230,926.000
'[16:13:04.960 24/04/1989]',38.728,10.173,-79.340,137.000,3.478,37.230,926.000
'[16:13:04.970 24/04/1989]',33.946,12.572,-51.744,137.000,3.478,37.230,926.000
'[16:13:04.980 24/04/1989]',34.040,12.476,-35.974,137.000,3.478,37.230,926.000
'[16:13:04.990 24/04/1989]',27.944,11.229,-34.496,137.000,3.478,37.230,926.000
'[16:13:05.000 24/04/1989]',26.632,12.188,-27.597,-900.000,3.594,37.223,936.000
'[16:13:05.010 24/04/1989]',26.350,10.749,-26.611,-900.000,3.594,37.223,936.000
'[16:13:05.020 24/04/1989]',25.881,10.941,-16.262,-900.000,3.594,37.223,936.000
'[16:13:05.030 24/04/1989]',16.785,8.733,-3.450,-900.000,3.594,37.223,936.000
'[16:13:05.040 24/04/1989]',15.941,9.501,-13.305,-900.000,3.594,37.223,936.000
'[16:13:05.050 24/04/1989]',16.035,6.910,9.856,-900.000,3.594,37.223,936.000
'[16:13:05.060 24/04/1989]',13.503,2.879,31.046,-900.000,3.594,37.223,936.000
'[16:13:05.070 24/04/1989]',12.190,5.374,17.248,-900.000,3.594,37.223,936.000
'[16:13:05.080 24/04/1989]',14.253,7.390,34.989,-900.000,3.594,37.223,936.000
'[16:13:05.090 24/04/1989]',8.908,5.182,32.525,-900.000,3.594,37.223,936.000
'[16:13:05.100 24/04/1989]',7.596,4.799,41.395,-900.000,3.594,37.223,936.000
'[16:13:05.110 24/04/1989]',5.814,6.526,42.873,-900.000,3.594,37.223,936.000
'[16:13:05.120 24/04/1989]',0.375,8.637,45.337,-900.000,3.594,37.223,936.000
'[16:13:05.130 24/04/1989]',1.782,5.662,74.905,-900.000,3.594,37.223,936.000
'[16:13:05.140 24/04/1989]',-0.844,7.294,80.326,-900.000,3.594,37.223,936.000
'[16:13:05.150 24/04/1989]',3.938,6.622,60.121,-900.000,3.594,37.223,936.000
'[16:13:05.160 24/04/1989]',28.695,3.071,80.819,-900.000,3.594,37.223,936.000
'[16:13:05.170 24/04/1989]',-9.096,5.374,80.326,-900.000,3.594,37.223,936.000
'[16:13:05.180 24/04/1989]',15.097,2.495,75.398,-900.000,3.594,37.223,936.000
'[16:13:05.190 24/04/1989]',15.191,4.990,86.239,-900.000,3.594,37.223,936.000
'[16:13:05.200 24/04/1989]',25.788,5.758,89.196,-900.000,3.594,37.223,936.000
'[16:13:05.210 24/04/1989]',19.599,4.319,85.747,-900.000,3.594,37.223,936.000
'[16:13:05.220 24/04/1989]',16.223,3.071,91.660,-900.000,3.594,37.223,936.000
'[16:13:05.230 24/04/1989]',29.632,4.895,95.602,-900.000,3.594,37.223,936.000
'[16:13:05.240 24/04/1989]',32.821,2.495,105.458,-900.000,3.594,37.223,936.000
'[16:13:05.250 24/04/1989]',30.945,1.248,114.329,-900.000,3.594,37.223,936.000
'[16:13:05.260 24/04/1989]',30.007,1.056,105.951,-900.000,3.594,37.223,936.000
'[16:13:05.270 24/04/1989]',28.695,-2.879,110.386,-900.000,3.594,37.223,936.000
'[16:13:05.280 24/04/1989]',31.226,0.000,107.922,-900.000,3.594,37.223,936.000
'[16:13:05.290 24/04/1989]',28.976,7.198,129.113,-900.000,3.594,37.223,936.000
'[16:13:05.300 24/04/1989]',28.601,7.486,113.343,-900.000,3.594,37.223,936.000
'[16:13:05.310 24/04/1989]',25.506,9.885,111.865,-900.000,3.594,37.223,936.000
'[16:13:05.320 24/04/1989]',17.442,14.779,108.908,-900.000,3.594,37.223,936.000
'[16:13:05.330 24/04/1989]',14.816,12.572,116.300,-900.000,3.594,37.223,936.000
'[16:13:05.340 24/04/1989]',17.160,7.102,113.343,-900.000,3.594,37.223,936.000
'[16:13:05.350 24/04/1989]',16.879,6.046,128.620,-900.000,3.594,37.223,936.000
'[16:13:05.360 24/04/1989]',11.815,4.607,123.199,-900.000,3.594,37.223,936.000
'[16:13:05.370 24/04/1989]',15.097,-0.480,121.228,-900.000,3.594,37.223,936.000
'[16:13:05.380 24/04/1989]',13.222,-1.248,119.749,-900.000,3.594,37.223,936.000
'[16:13:05.390 24/04/1989]',11.347,0.096,118.764,-900.000,3.594,37.223,936.000
'[16:13:05.400 24/04/1989]',4.501,3.743,127.634,-900.000,3.594,37.223,936.000
'[16:13:05.410 24/04/1989]',4.126,3.839,124.185,-900.000,3.594,37.223,936.000
'[16:13:05.420 24/04/1989]',1.782,0.192,126.649,-900.000,3.594,37.223,936.000
'[16:13:05.430 24/04/1989]',5.345,1.632,138.476,-900.000,3.594,37.223,936.000
'[16:13:05.440 24/04/1989]',16.692,0.576,139.461,-900.000,3.594,37.223,936.000
'[16:13:05.450 24/04/1989]',-14.347,1.248,124.185,-900.000,3.594,37.223,936.000
'[16:13:05.460 24/04/1989]',6.564,3.935,132.069,-900.000,3.594,37.223,936.000
'[16:13:05.470 24/04/1989]',5.908,2.303,115.314,-900.000,3.594,37.223,936.000
'[16:13:05.480 24/04/1989]',6.283,2.111,121.228,-900.000,3.594,37.223,936.000
'[16:13:05.490 24/04/1989]',13.503,-0.864,113.836,-900.000,3.594,37.223,936.000
'[16:13:05.500 24/04/1989]',14.816,1.248,124.185,-900.000,3.594,37.223,936.000
'[16:13:05.510 24/04/1989]',11.534,5.758,111.372,-900.000,3.594,37.223,936.000
'[16:13:05.520 24/04/1989]',12.284,4.607,121.721,-900.000,3.594,37.223,936.000
'[16:13:05.530 24/04/1989]',7.033,6.334,116.793,-900.000,3.594,37.223,936.000
'[16:13:05.540 24/04/1989]',13.128,1.344,117.778,-900.000,3.594,37.223,936.000
'[16:13:05.550 24/04/1989]',7.314,0.480,114.329,-900.000,3.594,37.223,936.000
'[16:13:05.560 24/04/1989]',6.939,0.960,113.836,-900.000,3.594,37.223,936.000
'[16:13:05.570 24/04/1989]',6.095,1.248,112.850,-900.000,3.594,37.223,936.000
'[16:13:05.580 24/04/1989]',-2.157,4.415,114.821,-900.000,3.594,37.223,936.000
'[16:13:05.590 24/04/1989]',-9.096,8.541,121.228,-900.000,3.594,37.223,936.000
'[16:13:05.600 24/04/1989]',-8.346,10.077,120.242,-900.000,3.594,37.223,936.000
'[16:13:05.610 24/04/1989]',-7.314,6.526,124.185,-900.000,3.594,37.223,936.000
'[16:13:05.620 24/04/1989]',-8.346,0.192,122.213,-900.000,3.594,37.223,936.000
'[16:13:05.630 24/04/1989]',-6.752,0.768,125.663,-900.000,3.594,37.223,936.000
'[16:13:05.640 24/04/1989]',-10.690,-1.248,136.997,-900.000,3.594,37.223,936.000
'[16:13:05.650 24/04/1989]',-11.722,-2.687,128.127,-900.000,3.594,37.223,936.000
'[16:13:05.660 24/04/1989]',-10.315,-2.591,132.562,-900.000,3.594,37.223,936.000
'[16:13:05.670 24/04/1989]',-7.033,-3.071,129.113,-900.000,3.594,37.223,936.000
'[16:13:05.680 24/04/1989]',-13.878,1.344,130.098,-900.000,3.594,37.223,936.000
'[16:13:05.690 24/04/1989]',-15.004,0.480,122.706,-900.000,3.594,37.223,936.000
'[16:13:05.700 24/04/1989]',-13.222,-1.632,141.432,-900.000,3.594,37.223,936.000
'[16:13:05.710 24/04/1989]',-14.066,-2.591,124.677,-900.000,3.594,37.223,936.000
'[16:13:05.720 24/04/1989]',-15.473,-2.303,123.199,-900.000,3.594,37.223,936.000
'[16:13:05.730 24/04/1989]',-23.725,-0.480,129.605,-900.000,3.594,37.223,936.000
'[16:13:05.740 24/04/1989]',-25.788,-0.480,129.113,-900.000,3.594,37.223,936.000
'[16:13:05.750 24/04/1989]',-24.756,3.167,140.447,-900.000,3.594,37.223,936.000
'[16:13:05.760 24/04/1989]',-46.136,2.495,129.113,-900.000,3.594,37.223,936.000
'[16:13:05.770 24/04/1989]',-58.889,2.207,124.677,-900.000,3.594,37.223,936.000
'[16:13:05.780 24/04/1989]',-88.803,5.278,121.721,-900.000,3.594,37.223,936.000
'[16:13:05.790 24/04/1989]',-93.679,-0.672,159.666,-900.000,3.594,37.223,936.000
'[16:13:05.800 24/04/1989]',-116.466,1.632,172.971,-900.000,3.594,37.223,936.000
'[16:13:05.810 24/04/1989]',-121.342,0.000,205.003,-900.000,3.594,37.223,936.000
'[16:13:05.820 24/04/1989]',-121.530,1.727,237.035,-900.000,3.594,37.223,936.000
'[16:13:05.830 24/04/1989]',-120.967,2.591,253.297,-900.000,3.594,37.223,936.000
'[16:13:05.840 24/04/1989]',-120.498,0.192,268.574,-900.000,3.594,37.223,936.000
'[16:13:05.850 24/04/1989]',-120.311,-0.960,289.764,-900.000,3.594,37.223,936.000
'[16:13:05.860 24/04/1989]',-117.966,-0.480,290.257,-900.000,3.594,37.223,936.000
'[16:13:05.870 24/04/1989]',-112.340,-2.591,289.764,-900.000,3.594,37.223,936.000
'[16:13:05.880 24/04/1989]',-104.275,-4.223,268.081,-900.000,3.594,37.223,936.000
'[16:13:05.890 24/04/1989]',-90.866,-5.662,269.067,-900.000,3.594,37.223,936.000
'[16:13:05.900 24/04/1989]',-81.207,-6.142,250.340,-900.000,3.594,37.223,936.000
'[16:13:05.910 24/04/1989]',-72.299,-9.405,238.513,-900.000,3.594,37.223,936.000
'[16:13:05.920 24/04/1989]',-71.361,-10.269,239.992,-900.000,3.594,37.223,936.000
'[16:13:05.930 24/04/1989]',-60.202,-11.037,240.484,-900.000,3.594,37.223,936.000
'[16:13:05.940 24/04/1989]',-56.451,-11.325,221.758,-900.000,3.594,37.223,936.000
'[16:13:05.950 24/04/1989]',-52.700,-13.244,220.280,-900.000,3.594,37.223,936.000
'[16:13:05.960 24/04/1989]',-51.200,-13.628,209.931,-900.000,3.594,37.223,936.000
'[16:13:05.970 24/04/1989]',-49.418,-16.123,209.931,-900.000,3.594,37.223,936.000
'[16:13:05.980 24/04/1989]',-53.638,-10.173,205.496,-900.000,3.594,37.223,936.000
'[16:13:05.990 24/04/1989]',-49.606,-7.006,192.683,-900.000,3.594,37.223,936.000
'[16:13:06.000 24/04/1989]',-53.919,-1.440,195.640,343.000,3.338,37.244,891.000
'[16:13:06.010 24/04/1989]',-53.826,-0.864,185.291,343.000,3.338,37.244,891.000
'[16:13:06.020 24/04/1989]',-53.451,-1.919,175.928,343.000,3.338,37.244,891.000
'[16:13:06.030 24/04/1989]',-56.639,-5.182,174.943,343.000,3.338,37.244,891.000
'[16:13:06.040 24/04/1989]',-55.889,-7.966,167.058,343.000,3.338,37.244,891.000
'[16:13:06.050 24/04/1989]',-50.825,-11.421,164.594,343.000,3.338,37.244,891.000
'[16:13:06.060 24/04/1989]',-54.388,-10.269,160.652,343.000,3.338,37.244,891.000
'[16:13:06.070 24/04/1989]',-59.921,-8.062,153.752,343.000,3.338,37.244,891.000
'[16:13:06.080 24/04/1989]',-57.483,-7.582,151.288,343.000,3.338,37.244,891.000
'[16:13:06.090 24/04/1989]',-56.076,-9.789,142.911,343.000,3.338,37.244,891.000
'[16:13:06.100 24/04/1989]',-66.016,-14.684,127.634,343.000,3.338,37.244,891.000
'[16:13:06.110 24/04/1989]',-65.641,-14.012,168.043,343.000,3.338,37.244,891.000
'[16:13:06.120 24/04/1989]',-70.705,-14.492,176.421,343.000,3.338,37.244,891.000
'[16:13:06.130 24/04/1989]',-72.393,-14.012,191.698,343.000,3.338,37.244,891.000
'[16:13:06.140 24/04/1989]',-64.047,-12.764,205.003,343.000,3.338,37.244,891.000
'[16:13:06.150 24/04/1989]',-62.547,-11.229,212.395,343.000,3.338,37.244,891.000
'[16:13:06.160 24/04/1989]',-57.389,-11.804,190.712,343.000,3.338,37.244,891.000
'[16:13:06.170 24/04/1989]',-57.108,-10.269,194.654,343.000,3.338,37.244,891.000
'[16:13:06.180 24/04/1989]',-55.701,-9.789,180.363,343.000,3.338,37.244,891.000
'[16:13:06.190 24/04/1989]',-60.577,-7.006,169.029,343.000,3.338,37.244,891.000
'[16:13:06.200 24/04/1989]',-56.358,-6.334,173.464,343.000,3.338,37.244,891.000
'[16:13:06.210 24/04/1989]',-58.983,-6.814,161.637,343.000,3.338,37.244,891.000
'[16:13:06.220 24/04/1989]',-56.826,-4.511,156.709,343.000,3.338,37.244,891.000
'[16:13:06.230 24/04/1989]',-57.389,-1.440,145.375,343.000,3.338,37.244,891.000
'[16:13:06.240 24/04/1989]',-58.139,0.960,136.012,343.000,3.338,37.244,891.000
'[16:13:06.250 24/04/1989]',-53.919,0.576,131.577,343.000,3.338,37.244,891.000
'[16:13:06.260 24/04/1989]',-51.294,-1.056,124.677,343.000,3.338,37.244,891.000
'[16:13:06.270 24/04/1989]',-50.075,-6.142,113.343,343.000,3.338,37.244,891.000
'[16:13:06.280 24/04/1989]',-48.574,-11.037,97.574,343.000,3.338,37.244,891.000
'[16:13:06.290 24/04/1989]',-45.480,-17.179,97.081,343.000,3.338,37.244,891.000
'[16:13:06.300 24/04/1989]',-40.322,-20.058,85.747,343.000,3.338,37.244,891.000
'[16:13:06.310 24/04/1989]',-39.666,-18.810,85.747,343.000,3.338,37.244,891.000
'[16:13:06.320 24/04/1989]',-39.478,-15.931,60.614,343.000,3.338,37.244,891.000
'[16:13:06.330 24/04/1989]',-36.384,-14.971,51.744,343.000,3.338,37.244,891.000
'[16:13:06.340 24/04/1989]',-44.636,-10.749,51.251,343.000,3.338,37.244,891.000
'[16:13:06.350 24/04/1989]',-42.385,-8.925,52.236,343.000,3.338,37.244,891.000
'[16:13:06.360 24/04/1989]',-43.042,-9.021,40.902,343.000,3.338,37.244,891.000
'[16:13:06.370 24/04/1989]',-40.979,-15.835,32.525,343.000,3.338,37.244,891.000
'[16:13:06.380 24/04/1989]',-38.822,-15.643,28.582,343.000,3.338,37.244,891.000
'[16:13:06.390 24/04/1989]',-43.979,-12.764,5.914,343.000,3.338,37.244,891.000
'[16:13:06.400 24/04/1989]',-52.982,-13.532,14.291,343.000,3.338,37.244,891.000
'[16:13:06.410 24/04/1989]',-45.199,-15.643,18.233,343.000,3.338,37.244,891.000
'[16:13:06.420 24/04/1989]',-95.273,-12.764,-14.291,343.000,3.338,37.244,891.000
'[16:13:06.430 24/04/1989]',-95.836,-16.795,-9.856,343.000,3.338,37.244,891.000
'[16:13:06.440 24/04/1989]',-95.179,-16.219,-21.190,343.000,3.338,37.244,891.000
'[16:13:06.450 24/04/1989]',-93.304,-16.987,-34.003,343.000,3.338,37.244,891.000
'[16:13:06.460 24/04/1989]',-91.710,-16.507,-53.222,343.000,3.338,37.244,891.000
'[16:13:06.470 24/04/1989]',-89.178,-12.860,-91.167,343.000,3.338,37.244,891.000
'[16:13:06.480 24/04/1989]',-86.271,-11.037,-84.761,343.000,3.338,37.244,891.000
'[16:13:06.490 24/04/1989]',-82.051,-9.885,-69.977,343.000,3.338,37.244,891.000
'[16:13:06.500 24/04/1989]',-76.425,-13.148,-105.951,343.000,3.338,37.244,891.000
'[16:13:06.510 24/04/1989]',-67.985,-15.259,-104.473,343.000,3.338,37.244,891.000
'[16:13:06.520 24/04/1989]',-56.733,-15.163,-119.257,343.000,3.338,37.244,891.000
'[16:13:06.530 24/04/1989]',-53.357,-17.467,-110.386,343.000,3.338,37.244,891.000
'[16:13:06.540 24/04/1989]',-44.355,-16.411,-108.415,343.000,3.338,37.244,891.000
'[16:13:06.550 24/04/1989]',-32.821,-13.724,-108.908,343.000,3.338,37.244,891.000
'[16:13:06.560 24/04/1989]',-30.101,-11.229,-98.559,343.000,3.338,37.244,891.000
'[16:13:06.570 24/04/1989]',-28.319,-9.117,-114.821,343.000,3.338,37.244,891.000
'[16:13:06.580 24/04/1989]',-27.194,-7.966,-99.052,343.000,3.338,37.244,891.000
'[16:13:06.590 24/04/1989]',-25.694,-8.445,-111.372,343.000,3.338,37.244,891.000
'[16:13:06.600 24/04/1989]',-19.505,-8.925,-111.372,343.000,3.338,37.244,891.000
'[16:13:06.610 24/04/1989]',-21.005,-10.269,-99.052,343.000,3.338,37.244,891.000
'[16:13:06.620 24/04/1989]',-21.286,-5.950,-91.660,343.000,3.338,37.244,891.000
'[16:13:06.630 24/04/1989]',-21.943,-2.783,-116.793,343.000,3.338,37.244,891.000
'[16:13:06.640 24/04/1989]',-14.535,-4.895,-94.124,343.000,3.338,37.244,891.000
'[16:13:06.650 24/04/1989]',-10.034,-5.086,-110.386,343.000,3.338,37.244,891.000
'[16:13:06.660 24/04/1989]',-7.221,-6.334,-99.545,343.000,3.338,37.244,891.000
'[16:13:06.670 24/04/1989]',-2.063,-3.455,-87.225,343.000,3.338,37.244,891.000
'[16:13:06.680 24/04/1989]',7.783,-2.783,-90.182,343.000,3.338,37.244,891.000
'[16:13:06.690 24/04/1989]',12.378,-6.046,-90.182,343.000,3.338,37.244,891.000
'[16:13:06.700 24/04/1989]',28.788,-6.430,-99.052,343.000,3.338,37.244,891.000
'[16:13:06.710 24/04/1989]',-8.627,-4.031,-101.023,343.000,3.338,37.244,891.000
'[16:13:06.720 24/04/1989]',8.908,-2.879,-109.894,343.000,3.338,37.244,891.000
'[16:13:06.730 24/04/1989]',10.034,-5.950,-120.735,343.000,3.338,37.244,891.000
'[16:13:06.740 24/04/1989]',10.971,-6.334,-106.937,343.000,3.338,37.244,891.000
'[16:13:06.750 24/04/1989]',19.223,-5.182,-111.865,343.000,3.338,37.244,891.000
'[16:13:06.760 24/04/1989]',18.942,-2.207,-106.444,343.000,3.338,37.244,891.000
'[16:13:06.770 24/04/1989]',15.848,-1.536,-114.821,343.000,3.338,37.244,891.000
'[16:13:06.780 24/04/1989]',20.536,-1.536,-128.127,343.000,3.338,37.244,891.000
'[16:13:06.790 24/04/1989]',23.725,-1.344,-110.386,343.000,3.338,37.244,891.000
'[16:13:06.800 24/04/1989]',20.255,3.071,-110.879,343.000,3.338,37.244,891.000
'[16:13:06.810 24/04/1989]',19.786,2.495,-130.098,343.000,3.338,37.244,891.000
'[16:13:06.820 24/04/1989]',13.128,8.253,-124.677,343.000,3.338,37.244,891.000
'[16:13:06.830 24/04/1989]',24.662,11.804,-104.966,343.000,3.338,37.244,891.000
'[16:13:06.840 24/04/1989]',23.349,10.845,-107.922,343.000,3.338,37.244,891.000
'[16:13:06.850 24/04/1989]',25.131,6.526,-103.487,343.000,3.338,37.244,891.000
'[16:13:06.860 24/04/1989]',25.037,0.864,-109.894,343.000,3.338,37.244,891.000
'[16:13:06.870 24/04/1989]',36.571,-0.480,-90.182,343.000,3.338,37.244,891.000
'[16:13:06.880 24/04/1989]',32.258,-0.576,-109.401,343.000,3.338,37.244,891.000
'[16:13:06.890 24/04/1989]',33.571,-1.440,-101.516,343.000,3.338,37.244,891.000
'[16:13:06.900 24/04/1989]',34.227,1.056,-91.660,343.000,3.338,37.244,891.000
'[16:13:06.910 24/04/1989]',36.665,1.823,-99.545,343.000,3.338,37.244,891.000
'[16:13:06.920 24/04/1989]',30.758,3.839,-108.908,343.000,3.338,37.244,891.000
'[16:13:06.930 24/04/1989]',25.225,1.056,-93.631,343.000,3.338,37.244,891.000
'[16:13:06.940 24/04/1989]',31.695,0.192,-81.311,343.000,3.338,37.244,891.000
'[16:13:06.950 24/04/1989]',31.133,4.895,-98.559,343.000,3.338,37.244,891.000
'[16:13:06.960 24/04/1989]',34.227,-2.207,-98.066,343.000,3.338,37.244,891.000
'[16:13:06.970 24/04/1989]',34.602,-3.071,-76.876,343.000,3.338,37.244,891.000
'[16:13:06.980 24/04/1989]',28.695,1.440,-96.095,343.000,3.338,37.244,891.000
'[16:13:06.990 24/04/1989]',12.941,1.248,-82.297,343.000,3.338,37.244,891.000
'[16:13:07.000 24/04/1989]',19.599,-3.743,-78.355,141.000,3.540,37.246,928.000
'[16:13:07.010 24/04/1989]',-8.721,-4.511,-114.329,141.000,3.540,37.246,928.000
'[16:13:07.020 24/04/1989]',-8.815,-4.319,-95.110,141.000,3.540,37.246,928.000
'[16:13:07.030 24/04/1989]',-8.346,-2.975,-135.026,141.000,3.540,37.246,928.000
'[16:13:07.040 24/04/1989]',-7.314,-4.607,-145.868,141.000,3.540,37.246,928.000
'[16:13:07.050 24/04/1989]',-5.158,1.248,-149.810,141.000,3.540,37.246,928.000
'[16:13:07.060 24/04/1989]',-3.282,2.111,-160.652,141.000,3.540,37.246,928.000
'[16:13:07.070 24/04/1989]',0.469,1.919,-165.579,141.000,3.540,37.246,928.000
'[16:13:07.080 24/04/1989]',7.596,0.960,-167.551,141.000,3.540,37.246,928.000
'[16:13:07.090 24/04/1989]',25.131,0.384,-175.435,141.000,3.540,37.246,928.000
'[16:13:07.100 24/04/1989]',36.196,2.111,-167.551,141.000,3.540,37.246,928.000
'[16:13:07.110 24/04/1989]',37.884,0.192,-169.029,141.000,3.540,37.246,928.000
'[16:13:07.120 24/04/1989]',33.008,2.591,-162.130,141.000,3.540,37.246,928.000
'[16:13:07.130 24/04/1989]',31.508,-2.783,-173.464,141.000,3.540,37.246,928.000
'[16:13:07.140 24/04/1989]',16.410,-0.960,-173.464,141.000,3.540,37.246,928.000
'[16:13:07.150 24/04/1989]',12.659,-3.935,-170.507,141.000,3.540,37.246,928.000
'[16:13:07.160 24/04/1989]',10.971,-4.511,-158.680,141.000,3.540,37.246,928.000
'[16:13:07.170 24/04/1989]',11.065,-1.632,-136.505,141.000,3.540,37.246,928.000
'[16:13:07.180 24/04/1989]',20.161,-1.248,-139.954,141.000,3.540,37.246,928.000
'[16:13:07.190 24/04/1989]',20.630,1.632,-114.821,141.000,3.540,37.246,928.000
'[16:13:07.200 24/04/1989]',44.073,0.000,-105.951,141.000,3.540,37.246,928.000
'[16:13:07.210 24/04/1989]',55.045,-1.440,-128.127,141.000,3.540,37.246,928.000
'[16:13:07.220 24/04/1989]',70.423,-3.359,-106.937,141.000,3.540,37.246,928.000
'[16:13:07.230 24/04/1989]',103.150,-1.440,-94.124,141.000,3.540,37.246,928.000
'[16:13:07.240 24/04/1989]',107.933,-1.152,-96.095,141.000,3.540,37.246,928.000
'[16:13:07.250 24/04/1989]',140.566,3.263,-87.718,141.000,3.540,37.246,928.000
'[16:13:07.260 24/04/1989]',147.223,6.238,-95.110,141.000,3.540,37.246,928.000
'[16:13:07.270 24/04/1989]',155.100,8.158,-62.585,141.000,3.540,37.246,928.000
'[16:13:07.280 24/04/1989]',156.226,6.430,-64.063,141.000,3.540,37.246,928.000
'[16:13:07.290 24/04/1989]',156.319,7.102,-76.383,141.000,3.540,37.246,928.000
'[16:13:07.300 24/04/1989]',156.601,4.895,-79.833,141.000,3.540,37.246,928.000
'[16:13:07.310 24/04/1989]',156.319,3.935,-77.369,141.000,3.540,37.246,928.000
'[16:13:07.320 24/04/1989]',156.507,2.687,-65.542,141.000,3.540,37.246,928.000
'[16:13:07.330 24/04/1989]',156.226,7.102,-56.179,141.000,3.540,37.246,928.000
'[16:13:07.340 24/04/1989]',156.413,0.672,-59.628,141.000,3.540,37.246,928.000
'[16:13:07.350 24/04/1989]',156.601,1.919,-71.455,141.000,3.540,37.246,928.000
'[16:13:07.360 24/04/1989]',156.038,2.783,-52.236,141.000,3.540,37.246,928.000
'[16:13:07.370 24/04/1989]',155.382,8.733,-49.280,141.000,3.540,37.246,928.000
'[16:13:07.380 24/04/1989]',154.632,9.597,-44.352,141.000,3.540,37.246,928.000
'[16:13:07.390 24/04/1989]',151.162,15.931,-42.380,141.000,3.540,37.246,928.000
'[16:13:07.400 24/04/1989]',147.692,10.173,-45.830,141.000,3.540,37.246,928.000
'[16:13:07.410 24/04/1989]',145.629,6.430,-25.133,141.000,3.540,37.246,928.000
'[16:13:07.420 24/04/1989]',142.535,11.708,-18.233,141.000,3.540,37.246,928.000
'[16:13:07.430 24/04/1989]',139.159,19.290,5.914,141.000,3.540,37.246,928.000
'[16:13:07.440 24/04/1989]',137.284,21.593,7.392,141.000,3.540,37.246,928.000
'[16:13:07.450 24/04/1989]',131.376,26.584,8.870,141.000,3.540,37.246,928.000
'[16:13:07.460 24/04/1989]',136.627,16.411,21.683,141.000,3.540,37.246,928.000
'[16:13:07.470 24/04/1989]',134.564,19.962,21.190,141.000,3.540,37.246,928.000
'[16:13:07.480 24/04/1989]',130.532,10.845,8.870,141.000,3.540,37.246,928.000
'[16:13:07.490 24/04/1989]',123.218,18.810,26.611,141.000,3.540,37.246,928.000
'[16:13:07.500 24/04/1989]',130.719,13.724,23.654,141.000,3.540,37.246,928.000
'[16:13:07.510 24/04/1989]',127.719,15.931,36.467,141.000,3.540,37.246,928.000
'[16:13:07.520 24/04/1989]',125.843,15.355,42.873,141.000,3.540,37.246,928.000
'[16:13:07.530 24/04/1989]',124.062,18.042,52.236,141.000,3.540,37.246,928.000
'[16:13:07.540 24/04/1989]',122.749,16.315,42.873,141.000,3.540,37.246,928.000
'[16:13:07.550 24/04/1989]',119.279,16.411,46.816,141.000,3.540,37.246,928.000
'[16:13:07.560 24/04/1989]',114.497,20.250,60.614,141.000,3.540,37.246,928.000
'[16:13:07.570 24/04/1989]',112.621,20.730,64.556,141.000,3.540,37.246,928.000
'[16:13:07.580 24/04/1989]',108.401,23.513,62.092,141.000,3.540,37.246,928.000
'[16:13:07.590 24/04/1989]',104.744,21.689,74.905,141.000,3.540,37.246,928.000
'[16:13:07.600 24/04/1989]',100.806,24.185,57.657,141.000,3.540,37.246,928.000
'[16:13:07.610 24/04/1989]',95.367,20.826,57.164,141.000,3.540,37.246,928.000
'[16:13:07.620 24/04/1989]',95.555,21.497,74.412,141.000,3.540,37.246,928.000
'[16:13:07.630 24/04/1989]',89.178,18.426,71.455,141.000,3.540,37.246,928.000
'[16:13:07.640 24/04/1989]',85.427,17.083,69.977,141.000,3.540,37.246,928.000
'[16:13:07.650 24/04/1989]',83.364,22.553,74.905,141.000,3.540,37.246,928.000
'[16:13:07.660 24/04/1989]',78.582,23.609,80.819,141.000,3.540,37.246,928.000
'[16:13:07.670 24/04/1989]',76.894,24.760,83.775,141.000,3.540,37.246,928.000
'[16:13:07.680 24/04/1989]',74.549,24.185,93.631,141.000,3.540,37.246,928.000
'[16:13:07.690 24/04/1989]',69.955,22.937,93.138,141.000,3.540,37.246,928.000
'[16:13:07.700 24/04/1989]',67.985,22.265,95.110,141.000,3.540,37.246,928.000
'[16:13:07.710 24/04/1989]',60.108,23.513,85.254,141.000,3.540,37.246,928.000
'[16:13:07.720 24/04/1989]',64.797,23.609,131.084,141.000,3.540,37.246,928.000
'[16:13:07.730 24/04/1989]',57.577,20.922,112.358,141.000,3.540,37.246,928.000
'[16:13:07.740 24/04/1989]',58.702,16.507,147.839,141.000,3.540,37.246,928.000
'[16:13:07.750 24/04/1989]',62.640,20.250,149.810,141.000,3.540,37.246,928.000
'[16:13:07.760 24/04/1989]',54.576,15.163,149.317,141.000,3.540,37.246,928.000
'[16:13:07.770 24/04/1989]',54.670,15.355,144.882,141.000,3.540,37.246,928.000
'[16:13:07.780 24/04/1989]',50.919,14.588,141.925,141.000,3.540,37.246,928.000
'[16:13:07.790 24/04/1989]',48.574,14.492,137.490,141.000,3.540,37.246,928.000
'[16:13:07.800 24/04/1989]',40.697,20.058,132.562,141.000,3.540,37.246,928.000
'[16:13:07.810 24/04/1989]',36.103,11.708,128.620,141.000,3.540,37.246,928.000
'[16:13:07.820 24/04/1989]',34.790,6.526,135.519,141.000,3.540,37.246,928.000
'[16:13:07.830 24/04/1989]',29.070,10.845,139.461,141.000,3.540,37.246,928.000
'[16:13:07.840 24/04/1989]',26.538,12.188,132.069,141.000,3.540,37.246,928.000
'[16:13:07.850 24/04/1989]',17.160,12.284,129.605,141.000,3.540,37.246,928.000
'[16:13:07.860 24/04/1989]',16.223,8.829,131.577,141.000,3.540,37.246,928.000
'[16:13:07.870 24/04/1989]',11.065,9.501,122.706,141.000,3.540,37.246,928.000
'[16:13:07.880 24/04/1989]',3.376,7.390,128.620,141.000,3.540,37.246,928.000
'[16:13:07.890 24/04/1989]',3.376,5.854,117.778,141.000,3.540,37.246,928.000
'[16:13:07.900 24/04/1989]',5.064,3.359,125.170,141.000,3.540,37.246,928.000
'[16:13:07.910 24/04/1989]',1.125,1.440,111.372,141.000,3.540,37.246,928.000
'[16:13:07.920 24/04/1989]',-2.626,0.576,119.257,141.000,3.540,37.246,928.000
'[16:13:07.930 24/04/1989]',-5.814,11.612,113.343,141.000,3.540,37.246,928.000
'[16:13:07.940 24/04/1989]',-8.346,-4.031,106.444,141.000,3.540,37.246,928.000
'[16:13:07.950 24/04/1989]',-10.127,-2.207,108.415,141.000,3.540,37.246,928.000
'[16:13:07.960 24/04/1989]',-13.785,-1.727,117.778,141.000,3.540,37.246,928.000
'[16:13:07.970 24/04/1989]',-16.973,-6.142,107.922,141.000,3.540,37.246,928.000
'[16:13:07.980 24/04/1989]',-18.286,-5.662,93.631,141.000,3.540,37.246,928.000
'[16:13:07.990 24/04/1989]',-18.661,-7.774,81.804,141.000,3.540,37.246,928.000
'[16:13:08.000 24/04/1989]',-18.098,-9.117,83.283,-769.000,3.602,37.195,926.000
'[16:13:08.010 24/04/1989]',-17.536,-5.662,81.804,-769.000,3.602,37.195,926.000
'[16:13:08.020 24/04/1989]',-30.664,-4.511,80.326,-769.000,3.602,37.195,926.000
'[16:13:08.030 24/04/1989]',-35.352,-5.470,77.369,-769.000,3.602,37.195,926.000
'[16:13:08.040 24/04/1989]',-42.292,-2.783,74.412,-769.000,3.602,37.195,926.000
'[16:13:08.050 24/04/1989]',-40.979,-4.895,78.847,-769.000,3.602,37.195,926.000
'[16:13:08.060 24/04/1989]',-44.261,-6.142,64.556,-769.000,3.602,37.195,926.000
'[16:13:08.070 24/04/1989]',-40.041,-7.870,62.092,-769.000,3.602,37.195,926.000
'[16:13:08.080 24/04/1989]',-49.606,-5.470,53.222,-769.000,3.602,37.195,926.000
'[16:13:08.090 24/04/1989]',-48.856,-12.188,49.772,-769.000,3.602,37.195,926.000
'[16:13:08.100 24/04/1989]',-60.390,-11.037,43.859,-769.000,3.602,37.195,926.000
'[16:13:08.110 24/04/1989]',-54.670,-3.551,42.380,-769.000,3.602,37.195,926.000
'[16:13:08.120 24/04/1989]',-67.610,-10.077,52.729,-769.000,3.602,37.195,926.000
'[16:13:08.130 24/04/1989]',-61.796,-10.173,31.539,-769.000,3.602,37.195,926.000
'[16:13:08.140 24/04/1989]',-62.640,-4.990,4.928,-769.000,3.602,37.195,926.000
'[16:13:08.150 24/04/1989]',-62.828,-9.117,1.478,-769.000,3.602,37.195,926.000
'[16:13:08.160 24/04/1989]',-61.327,-10.557,10.842,-769.000,3.602,37.195,926.000
'[16:13:08.170 24/04/1989]',-58.421,-11.900,-3.942,-769.000,3.602,37.195,926.000
'[16:13:08.180 24/04/1989]',-58.702,-8.637,4.435,-769.000,3.602,37.195,926.000
'[16:13:08.190 24/04/1989]',-61.234,-10.173,-2.464,-769.000,3.602,37.195,926.000
'[16:13:08.200 24/04/1989]',-57.108,-9.693,6.899,-769.000,3.602,37.195,926.000
'[16:13:08.210 24/04/1989]',-55.795,-7.582,-0.986,-769.000,3.602,37.195,926.000
'[16:13:08.220 24/04/1989]',-55.326,-6.238,-2.464,-769.000,3.602,37.195,926.000
'[16:13:08.230 24/04/1989]',-55.138,0.096,-6.899,-769.000,3.602,37.195,926.000
'[16:13:08.240 24/04/1989]',-56.264,-7.198,1.971,-769.000,3.602,37.195,926.000
'[16:13:08.250 24/04/1989]',-55.982,-0.480,1.971,-769.000,3.602,37.195,926.000
'[16:13:08.260 24/04/1989]',-53.451,-4.703,-1.971,-769.000,3.602,37.195,926.000
'[16:13:08.270 24/04/1989]',-50.919,-7.774,-0.493,-769.000,3.602,37.195,926.000
'[16:13:08.280 24/04/1989]',-51.388,-7.294,-4.435,-769.000,3.602,37.195,926.000
'[16:13:08.290 24/04/1989]',-44.542,-8.733,2.464,-769.000,3.602,37.195,926.000
'[16:13:08.300 24/04/1989]',-44.448,-10.749,-3.450,-769.000,3.602,37.195,926.000
'[16:13:08.310 24/04/1989]',-46.699,-8.158,-6.899,-769.000,3.602,37.195,926.000
'[16:13:08.320 24/04/1989]',-44.636,-8.925,-0.986,-769.000,3.602,37.195,926.000
'[16:13:08.330 24/04/1989]',-51.669,-4.703,-0.493,-769.000,3.602,37.195,926.000
'[16:13:08.340 24/04/1989]',-47.262,-6.238,-13.305,-769.000,3.602,37.195,926.000
'[16:13:08.350 24/04/1989]',-50.075,-9.213,-1.971,-769.000,3.602,37.195,926.000
'[16:13:08.360 24/04/1989]',-45.574,-8.637,-8.378,-769.000,3.602,37.195,926.000
'[16:13:08.370 24/04/1989]',-51.950,-12.956,-21.190,-769.000,3.602,37.195,926.000
'[16:13:08.380 24/04/1989]',-45.480,-13.052,-13.305,-769.000,3.602,37.195,926.000
'[16:13:08.390 24/04/1989]',-49.043,-9.501,-23.161,-769.000,3.602,37.195,926.000
'[16:13:08.400 24/04/1989]',-45.011,-13.148,-26.611,-769.000,3.602,37.195,926.000
'[16:13:08.410 24/04/1989]',-49.418,-10.365,-28.089,-769.000,3.602,37.195,926.000
'[16:13:08.420 24/04/1989]',-48.574,-14.300,-27.104,-769.000,3.602,37.195,926.000
'[16:13:08.430 24/04/1989]',-28.507,-14.396,-14.784,-769.000,3.602,37.195,926.000
'[16:13:08.440 24/04/1989]',-61.515,-13.820,-3.942,-769.000,3.602,37.195,926.000
'[16:13:08.450 24/04/1989]',-62.078,-15.931,23.654,-769.000,3.602,37.195,926.000
'[16:13:08.460 24/04/1989]',-71.924,-14.300,53.715,-769.000,3.602,37.195,926.000
'[16:13:08.470 24/04/1989]',-86.271,-10.269,85.254,-769.000,3.602,37.195,926.000
'[16:13:08.480 24/04/1989]',-87.678,-13.052,111.865,-769.000,3.602,37.195,926.000
'[16:13:08.490 24/04/1989]',-77.550,-13.916,133.055,-769.000,3.602,37.195,926.000
'[16:13:08.500 24/04/1989]',-81.395,-15.067,126.156,-769.000,3.602,37.195,926.000
'[16:13:08.510 24/04/1989]',-76.331,-15.355,122.706,-769.000,3.602,37.195,926.000
'[16:13:08.520 24/04/1989]',-74.362,-15.931,106.937,-769.000,3.602,37.195,926.000
'[16:13:08.530 24/04/1989]',-76.237,-14.012,103.487,-769.000,3.602,37.195,926.000
'[16:13:08.540 24/04/1989]',-78.769,-17.947,88.703,-769.000,3.602,37.195,926.000
'[16:13:08.550 24/04/1989]',-74.456,-12.764,95.602,-769.000,3.602,37.195,926.000
'[16:13:08.560 24/04/1989]',-67.516,-11.996,94.617,-769.000,3.602,37.195,926.000
'[16:13:08.570 24/04/1989]',-75.581,-13.532,79.340,-769.000,3.602,37.195,926.000
'[16:13:08.580 24/04/1989]',-76.800,-6.910,69.484,-769.000,3.602,37.195,926.000
'[16:13:08.590 24/04/1989]',-75.487,-4.799,75.398,-769.000,3.602,37.195,926.000
'[16:13:08.600 24/04/1989]',-75.300,-7.582,61.107,-769.000,3.602,37.195,926.000
'[16:13:08.610 24/04/1989]',-74.737,-9.501,57.657,-769.000,3.602,37.195,926.000
'[16:13:08.620 24/04/1989]',-75.018,-2.783,47.801,-769.000,3.602,37.195,926.000
'[16:13:08.630 24/04/1989]',-69.111,-3.263,33.510,-769.000,3.602,37.195,926.000
'[16:13:08.640 24/04/1989]',-68.360,-7.774,28.582,-769.000,3.602,37.195,926.000
'[16:13:08.650 24/04/1989]',-71.549,-6.334,28.089,-769.000,3.602,37.195,926.000
'[16:13:08.660 24/04/1989]',-69.298,-8.445,18.726,-769.000,3.602,37.195,926.000
'[16:13:08.670 24/04/1989]',-69.392,-8.829,26.611,-769.000,3.602,37.195,926.000
'[16:13:08.680 24/04/1989]',-66.954,-0.672,16.262,-769.000,3.602,37.195,926.000
'[16:13:08.690 24/04/1989]',-72.111,-6.238,2.957,-769.000,3.602,37.195,926.000
'[16:13:08.700 24/04/1989]',-53.919,-3.167,10.349,-769.000,3.602,37.195,926.000
'[16:13:08.710 24/04/1989]',-85.333,-3.551,-16.262,-769.000,3.602,37.195,926.000
'[16:13:08.720 24/04/1989]',-78.488,-7.870,-59.628,-769.000,3.602,37.195,926.000
'[16:13:08.730 24/04/1989]',-102.963,-12.092,-89.689,-769.000,3.602,37.195,926.000
'[16:13:08.740 24/04/1989]',-114.497,-11.612,-132.069,-769.000,3.602,37.195,926.000
'[16:13:08.750 24/04/1989]',-114.590,-2.879,-161.144,-769.000,3.602,37.195,926.000
'[16:13:08.760 24/04/1989]',-113.090,-4.415,-194.654,-769.000,3.602,37.195,926.000
'[16:13:08.770 24/04/1989]',-111.684,-1.919,-215.845,-769.000,3.602,37.195,926.000
'[16:13:08.780 24/04/1989]',-110.371,-6.814,-231.121,-769.000,3.602,37.195,926.000
'[16:13:08.790 24/04/1989]',-107.370,-3.263,-247.876,-769.000,3.602,37.195,926.000
'[16:13:08.800 24/04/1989]',-105.495,-4.511,-249.848,-769.000,3.602,37.195,926.000
'[16:13:08.810 24/04/1989]',-102.963,-0.192,-253.297,-769.000,3.602,37.195,926.000
'[16:13:08.820 24/04/1989]',-99.774,-5.182,-249.355,-769.000,3.602,37.195,926.000
'[16:13:08.830 24/04/1989]',-97.711,-2.591,-246.398,-769.000,3.602,37.195,926.000
'[16:13:08.840 24/04/1989]',-93.585,-3.647,-244.920,-769.000,3.602,37.195,926.000
'[16:13:08.850 24/04/1989]',-91.804,-3.359,-241.963,-769.000,3.602,37.195,926.000
'[16:13:08.860 24/04/1989]',-84.583,-5.086,-239.006,-769.000,3.602,37.195,926.000
'[16:13:08.870 24/04/1989]',-78.488,-5.086,-235.557,-769.000,3.602,37.195,926.000
'[16:13:08.880 24/04/1989]',-69.673,-8.829,-233.585,-769.000,3.602,37.195,926.000
'[16:13:08.890 24/04/1989]',-65.829,-13.532,-227.672,-769.000,3.602,37.195,926.000
'[16:13:08.900 24/04/1989]',-65.547,-12.860,-224.222,-769.000,3.602,37.195,926.000
'[16:13:08.910 24/04/1989]',-57.108,-17.755,-218.801,-769.000,3.602,37.195,926.000
'[16:13:08.920 24/04/1989]',-51.763,-16.411,-212.888,-769.000,3.602,37.195,926.000
'[16:13:08.930 24/04/1989]',-48.105,-11.612,-203.525,-769.000,3.602,37.195,926.000
'[16:13:08.940 24/04/1989]',-48.762,-8.637,-196.626,-769.000,3.602,37.195,926.000
'[16:13:08.950 24/04/1989]',-50.825,7.390,-191.205,-769.000,3.602,37.195,926.000
'[16:13:08.960 24/04/1989]',-48.387,7.582,-172.479,-769.000,3.602,37.195,926.000
'[16:13:08.970 24/04/1989]',-39.760,7.966,-170.015,-769.000,3.602,37.195,926.000
'[16:13:08.980 24/04/1989]',-34.508,2.687,-157.202,-769.000,3.602,37.195,926.000
'[16:13:08.990 24/04/1989]',-31.789,-2.687,-160.652,-769.000,3.602,37.195,926.000
'[16:13:09.000 24/04/1989]',-22.130,-0.768,-147.346,693.000,3.522,37.251,917.000
'[16:13:09.010 24/04/1989]',-20.255,-0.672,-138.476,693.000,3.522,37.251,917.000
'[16:13:09.020 24/04/1989]',-13.597,0.576,-139.461,693.000,3.522,37.251,917.000
'[16:13:09.030 24/04/1989]',-6.939,4.415,-128.127,693.000,3.522,37.251,917.000
'[16:13:09.040 24/04/1989]',-4.782,4.415,-129.605,693.000,3.522,37.251,917.000
'[16:13:09.050 24/04/1989]',-0.375,2.207,-117.778,693.000,3.522,37.251,917.000
'[16:13:09.060 24/04/1989]',1.125,3.455,-106.444,693.000,3.522,37.251,917.000
'[16:13:09.070 24/04/1989]',21.849,5.086,-101.516,693.000,3.522,37.251,917.000
'[16:13:09.080 24/04/1989]',6.189,3.551,-91.660,693.000,3.522,37.251,917.000
'[16:13:09.090 24/04/1989]',13.972,5.374,-99.545,693.000,3.522,37.251,917.000
'[16:13:09.100 24/04/1989]',14.347,5.470,-87.225,693.000,3.522,37.251,917.000
'[16:13:09.110 24/04/1989]',15.379,10.845,-87.718,693.000,3.522,37.251,917.000
'[16:13:09.120 24/04/1989]',16.692,11.229,-74.905,693.000,3.522,37.251,917.000
'[16:13:09.130 24/04/1989]',28.788,2.879,-75.398,693.000,3.522,37.251,917.000
'[16:13:09.140 24/04/1989]',22.318,8.158,-70.470,693.000,3.522,37.251,917.000
'[16:13:09.150 24/04/1989]',40.604,6.238,-75.398,693.000,3.522,37.251,917.000
'[16:13:09.160 24/04/1989]',6.283,8.062,-56.179,693.000,3.522,37.251,917.000
'[16:13:09.170 24/04/1989]',10.878,14.204,-80.819,693.000,3.522,37.251,917.000
'[16:13:09.180 24/04/1989]',9.846,13.148,-109.401,693.000,3.522,37.251,917.000
'[16:13:09.190 24/04/1989]',8.627,12.764,-126.649,693.000,3.522,37.251,917.000
'[16:13:09.200 24/04/1989]',12.941,12.860,-133.055,693.000,3.522,37.251,917.000
'[16:13:09.210 24/04/1989]',12.847,21.593,-136.505,693.000,3.522,37.251,917.000
'[16:13:09.220 24/04/1989]',14.347,15.163,-141.432,693.000,3.522,37.251,917.000
'[16:13:09.230 24/04/1989]',12.190,12.860,-146.853,693.000,3.522,37.251,917.000
'[16:13:09.240 24/04/1989]',35.727,7.390,-150.303,693.000,3.522,37.251,917.000
'[16:13:09.250 24/04/1989]',35.634,6.046,-146.360,693.000,3.522,37.251,917.000
'[16:13:09.260 24/04/1989]',35.352,2.015,-130.098,693.000,3.522,37.251,917.000
'[16:13:09.270 24/04/1989]',46.605,-0.288,-124.185,693.000,3.522,37.251,917.000
'[16:13:09.280 24/04/1989]',46.980,-6.622,-111.865,693.000,3.522,37.251,917.000
'[16:13:09.290 24/04/1989]',42.760,-3.647,-102.994,693.000,3.522,37.251,917.000
'[16:13:09.300 24/04/1989]',43.886,-3.935,-87.225,693.000,3.522,37.251,917.000
'[16:13:09.310 24/04/1989]',41.448,5.662,-68.991,693.000,3.522,37.251,917.000
'[16:13:09.320 24/04/1989]',39.197,7.486,-57.657,693.000,3.522,37.251,917.000
'[16:13:09.330 24/04/1989]',40.416,12.572,-43.859,693.000,3.522,37.251,917.000
'[16:13:09.340 24/04/1989]',39.760,22.937,-27.597,693.000,3.522,37.251,917.000
'[16:13:09.350 24/04/1989]',37.415,15.451,-10.842,693.000,3.522,37.251,917.000
'[16:13:09.360 24/04/1989]',41.166,13.340,-9.363,693.000,3.522,37.251,917.000
'[16:13:09.370 24/04/1989]',41.823,5.278,-6.899,693.000,3.522,37.251,917.000
'[16:13:09.380 24/04/1989]',46.418,1.823,14.291,693.000,3.522,37.251,917.000
'[16:13:09.390 24/04/1989]',46.418,-1.344,17.248,693.000,3.522,37.251,917.000
'[16:13:09.400 24/04/1989]',31.883,2.111,25.625,693.000,3.522,37.251,917.000
'[16:13:09.410 24/04/1989]',44.448,-0.192,19.219,693.000,3.522,37.251,917.000
'[16:13:09.420 24/04/1989]',37.509,1.919,24.147,693.000,3.522,37.251,917.000
'[16:13:09.430 24/04/1989]',28.413,10.365,19.712,693.000,3.522,37.251,917.000
'[16:13:09.440 24/04/1989]',33.852,9.885,33.017,693.000,3.522,37.251,917.000
'[16:13:09.450 24/04/1989]',31.133,11.996,37.453,693.000,3.522,37.251,917.000
'[16:13:09.460 24/04/1989]',34.415,10.749,51.744,693.000,3.522,37.251,917.000
'[16:13:09.470 24/04/1989]',30.664,9.309,60.121,693.000,3.522,37.251,917.000
'[16:13:09.480 24/04/1989]',24.850,12.956,59.136,693.000,3.522,37.251,917.000
'[16:13:09.490 24/04/1989]',16.785,11.996,64.063,693.000,3.522,37.251,917.000
'[16:13:09.500 24/04/1989]',17.723,15.547,64.063,693.000,3.522,37.251,917.000
'[16:13:09.510 24/04/1989]',23.256,14.204,72.441,693.000,3.522,37.251,917.000
'[16:13:09.520 24/04/1989]',22.787,13.820,64.556,693.000,3.522,37.251,917.000
'[16:13:09.530 24/04/1989]',21.755,8.829,72.441,693.000,3.522,37.251,917.000
'[16:13:09.540 24/04/1989]',20.724,4.031,66.035,693.000,3.522,37.251,917.000
'[16:13:09.550 24/04/1989]',23.256,2.495,72.934,693.000,3.522,37.251,917.000
'[16:13:09.560 24/04/1989]',18.098,-2.591,62.092,693.000,3.522,37.251,917.000
'[16:13:09.570 24/04/1989]',17.348,-2.111,67.020,693.000,3.522,37.251,917.000
'[16:13:09.580 24/04/1989]',16.879,5.374,69.977,693.000,3.522,37.251,917.000
'[16:13:09.590 24/04/1989]',21.849,6.814,71.948,693.000,3.522,37.251,917.000
'[16:13:09.600 24/04/1989]',19.974,6.430,66.527,693.000,3.522,37.251,917.000
'[16:13:09.610 24/04/1989]',26.256,14.012,73.427,693.000,3.522,37.251,917.000
'[16:13:09.620 24/04/1989]',23.068,11.229,70.963,693.000,3.522,37.251,917.000
'[16:13:09.630 24/04/1989]',25.131,10.845,70.470,693.000,3.522,37.251,917.000
'[16:13:09.640 24/04/1989]',22.412,10.653,50.265,693.000,3.522,37.251,917.000
'[16:13:09.650 24/04/1989]',27.569,6.622,65.049,693.000,3.522,37.251,917.000
'[16:13:09.660 24/04/1989]',15.473,6.238,71.455,693.000,3.522,37.251,917.000
'[16:13:09.670 24/04/1989]',16.785,8.062,59.628,693.000,3.522,37.251,917.000
'[16:13:09.680 24/04/1989]',20.442,2.495,56.179,693.000,3.522,37.251,917.000
'[16:13:09.690 24/04/1989]',19.130,7.966,56.672,693.000,3.522,37.251,917.000
'[16:13:09.700 24/04/1989]',19.130,5.950,60.614,693.000,3.522,37.251,917.000
'[16:13:09.710 24/04/1989]',22.037,4.703,50.265,693.000,3.522,37.251,917.000
'[16:13:09.720 24/04/1989]',27.194,5.470,53.715,693.000,3.522,37.251,917.000
'[16:13:09.730 24/04/1989]',24.662,1.823,49.280,693.000,3.522,37.251,917.000
'[16:13:09.740 24/04/1989]',21.005,2.207,50.265,693.000,3.522,37.251,917.000
'[16:13:09.750 24/04/1989]',20.818,3.551,43.366,693.000,3.522,37.251,917.000
'[16:13:09.760 24/04/1989]',17.348,5.950,49.280,693.000,3.522,37.251,917.000
'[16:13:09.770 24/04/1989]',19.786,6.142,47.801,693.000,3.522,37.251,917.000
'[16:13:09.780 24/04/1989]',16.410,6.334,43.859,693.000,3.522,37.251,917.000
'[16:13:09.790 24/04/1989]',22.037,7.774,42.380,693.000,3.522,37.251,917.000
'[16:13:09.800 24/04/1989]',19.505,5.470,51.744,693.000,3.522,37.251,917.000
'[16:13:09.810 24/04/1989]',21.568,2.783,37.945,693.000,3.522,37.251,917.000
'[16:13:09.820 24/04/1989]',24.100,-0.480,61.107,693.000,3.522,37.251,917.000
'[16:13:09.830 24/04/1989]',22.599,4.990,56.672,693.000,3.522,37.251,917.000
'[16:13:09.840 24/04/1989]',21.005,1.344,47.801,693.000,3.522,37.251,917.000
'[16:13:09.850 24/04/1989]',23.631,1.056,55.193,693.000,3.522,37.251,917.000
'[16:13:09.860 24/04/1989]',26.069,-2.303,51.251,693.000,3.522,37.251,917.000
'[16:13:09.870 24/04/1989]',23.537,-2.879,50.265,693.000,3.522,37.251,917.000
'[16:13:09.880 24/04/1989]',24.944,-1.440,52.236,693.000,3.522,37.251,917.000
'[16:13:09.890 24/04/1989]',37.134,-5.758,32.032,693.000,3.522,37.251,917.000
'[16:13:09.900 24/04/1989]',34.321,-1.536,96.588,693.000,3.522,37.251,917.000
'[16:13:09.910 24/04/1989]',38.634,-1.248,101.516,693.000,3.522,37.251,917.000
'[16:13:09.920 24/04/1989]',15.191,-3.455,122.706,693.000,3.522,37.251,917.000
'[16:13:09.930 24/04/1989]',32.821,-5.086,124.677,693.000,3.522,37.251,917.000
'[16:13:09.940 24/04/1989]',30.101,-6.622,123.199,693.000,3.522,37.251,917.000
'[16:13:09.950 24/04/1989]',18.942,-5.182,110.879,693.000,3.522,37.251,917.000
'[16:13:09.960 24/04/1989]',26.256,-1.919,102.009,693.000,3.522,37.251,917.000
'[16:13:09.970 24/04/1989]',30.664,-6.142,105.951,693.000,3.522,37.251,917.000
'[16:13:09.980 24/04/1989]',27.944,-5.854,114.821,693.000,3.522,37.251,917.000
'[16:13:09.990 24/04/1989]',37.790,-3.359,111.372,693.000,3.522,37.251,917.000
